country,state,city,station,last_update,latitude,longitude,pollutant_id,pollutant_min,pollutant_max,pollutant_avg
India,Andhra_Pradesh,Vijayawada,"HB Colony, Vijayawada - APPCB","18-02-2026 16:00:00",16.536107,80.594233,NH3,3,5,3
India,Andhra_Pradesh,Vijayawada,"HB Colony, Vijayawada - APPCB","18-02-2026 16:00:00",16.536107,80.594233,SO2,13,23,21
India,Andhra_Pradesh,Vijayawada,"HB Colony, Vijayawada - APPCB","18-02-2026 16:00:00",16.536107,80.594233,CO,16,46,28
India,Andhra_Pradesh,Vijayawada,"HB Colony, Vijayawada - APPCB","18-02-2026 16:00:00",16.536107,80.594233,OZONE,26,26,26
India,Andhra_Pradesh,Vijayawada,"Kanuru, Vijayawada - APPCB","18-02-2026 16:00:00",16.486692,80.699436,NO2,16,19,19
India,Andhra_Pradesh,Vijayawada,"Kanuru, Vijayawada - APPCB","18-02-2026 16:00:00",16.486692,80.699436,CO,32,53,39
India,Andhra_Pradesh,Vijayawada,"Rajiv Gandhi Park, Vijayawada - APPCB","18-02-2026 16:00:00",16.509717,80.612222,PM2.5,59,90,72
India,Andhra_Pradesh,Vijayawada,"Rajiv Gandhi Park, Vijayawada - APPCB","18-02-2026 16:00:00",16.509717,80.612222,NH3,4,6,6
India,Andhra_Pradesh,Vijayawada,"Rajiv Gandhi Park, Vijayawada - APPCB","18-02-2026 16:00:00",16.509717,80.612222,SO2,15,18,16
India,Andhra_Pradesh,Visakhapatnam,"GVM Corporation, Visakhapatnam - APPCB","18-02-2026 16:00:00",17.72,83.3,PM2.5,85,262,142
India,Andhra_Pradesh,Visakhapatnam,"GVM Corporation, Visakhapatnam - APPCB","18-02-2026 16:00:00",17.72,83.3,SO2,1,20,8
India,Arunachal_Pradesh,Naharlagun,"Naharlagun, Naharlagun - APSPCB","18-02-2026 16:00:00",27.103358,93.679645,PM2.5,59,394,182
India,Bihar,Kishanganj,"SDM Office_Khagra, Kishanganj - BSPCB","18-02-2026 16:00:00",26.0881305,87.93840336,PM2.5,47,200,112
India,Bihar,Manguraha,"Forest Rest House, Manguraha - BSPCB","18-02-2026 16:00:00",27.308328,84.531742,PM2.5,70,207,105
India,Bihar,Manguraha,"Forest Rest House, Manguraha - BSPCB","18-02-2026 16:00:00",27.308328,84.531742,NH3,1,2,1
India,Bihar,Motihari,"Gandak Colony, Motihari - BSPCB","18-02-2026 16:00:00",26.63086,84.90051,PM2.5,57,320,118
India,Bihar,Motihari,"Gandak Colony, Motihari - BSPCB","18-02-2026 16:00:00",26.63086,84.90051,PM10,64,221,108
India,Bihar,Munger,"Town Hall, Munger - BSPCB","18-02-2026 16:00:00",25.376776,86.471523,PM2.5,32,173,80
India,Bihar,Munger,"Town Hall, Munger - BSPCB","18-02-2026 16:00:00",25.376776,86.471523,PM10,25,106,61
India,Bihar,Munger,"Town Hall, Munger - BSPCB","18-02-2026 16:00:00",25.376776,86.471523,SO2,18,80,43
India,Bihar,Muzaffarpur,"Buddha Colony, Muzaffarpur - BSPCB","18-02-2026 16:00:00",26.11442,85.39813,PM2.5,113,212,174
India,Andhra_Pradesh,Chittoor,"Gangineni Cheruvu, Chittoor - APPCB","18-02-2026 16:00:00",13.204880,79.097889,CO,20,53,32
India,Andhra_Pradesh,Kadapa,"Yerramukkapalli, Kadapa - APPCB","18-02-2026 16:00:00",14.465052,78.824187,CO,24,34,29
India,Andhra_Pradesh,Rajamahendravaram,"Anand Kala Kshetram, Rajamahendravaram - APPCB","18-02-2026 16:00:00",16.9872867,81.7363176,PM2.5,89,205,137
India,Andhra_Pradesh,Tirumala,"Toll Gate, Tirumala - APPCB","18-02-2026 16:00:00",13.67,79.35,NH3,1,2,2
India,Andhra_Pradesh,Tirumala,"Toll Gate, Tirumala - APPCB","18-02-2026 16:00:00",13.67,79.35,CO,2,123,60
India,Andhra_Pradesh,Tirupati,"Vaikuntapuram, Tirupati - APPCB","18-02-2026 16:00:00",13.615387,79.409230,PM2.5,NA,NA,NA
India,Andhra_Pradesh,Vijayawada,"HB Colony, Vijayawada - APPCB","18-02-2026 16:00:00",16.536107,80.594233,NO2,14,25,22
India,Arunachal_Pradesh,Naharlagun,"Naharlagun, Naharlagun - APSPCB","18-02-2026 16:00:00",27.103358,93.679645,NO2,7,8,7
India,Arunachal_Pradesh,Naharlagun,"Naharlagun, Naharlagun - APSPCB","18-02-2026 16:00:00",27.103358,93.679645,SO2,9,11,10
India,Assam,Guwahati,"LGBI Airport, Guwahati - PCBA","18-02-2026 16:00:00",26.10887,91.589544,PM2.5,70,131,98
India,Assam,Guwahati,"LGBI Airport, Guwahati - PCBA","18-02-2026 16:00:00",26.10887,91.589544,PM10,97,143,122
India,Assam,Guwahati,"LGBI Airport, Guwahati - PCBA","18-02-2026 16:00:00",26.10887,91.589544,OZONE,12,16,14
India,Assam,Guwahati,"Pan Bazaar, Guwahati - PCBA","18-02-2026 16:00:00",26.187500,91.744194,CO,8,76,27
India,Assam,Nagaon,"Christianpatty, Nagaon - PCBA","18-02-2026 16:00:00",26.349082,92.68449,PM2.5,76,218,126
India,Bihar,Gaya,"Collectorate, Gaya - BSPCB","18-02-2026 16:00:00",24.7955,84.9994,OZONE,17,19,18
India,Bihar,Gaya,"Kareemganj, Gaya - BSPCB","18-02-2026 16:00:00",24.792403,84.992416,NO2,NA,NA,NA
India,Bihar,Gaya,"Kareemganj, Gaya - BSPCB","18-02-2026 16:00:00",24.792403,84.992416,CO,1,102,13
India,Bihar,Gaya,"Kareemganj, Gaya - BSPCB","18-02-2026 16:00:00",24.792403,84.992416,OZONE,10,43,15
India,Bihar,Hajipur,"Industrial Area, Hajipur - BSPCB","18-02-2026 16:00:00",25.697189,85.245900,PM2.5,59,241,143
India,Bihar,Katihar,"Mirchaibari, Katihar - BSPCB","18-02-2026 16:00:00",25.560083,87.553265,PM10,52,100,80
India,Bihar,Katihar,"Mirchaibari, Katihar - BSPCB","18-02-2026 16:00:00",25.560083,87.553265,NH3,1,1,1
India,Bihar,Muzaffarpur,"MIT-Daudpur Kothi, Muzaffarpur - BSPCB","18-02-2026 16:00:00",26.1403345,85.3650192,NO2,3,5,4
India,Bihar,Muzaffarpur,"Muzaffarpur Collectorate, Muzaffarpur - BSPCB","18-02-2026 16:00:00",26.1209,85.3647,PM2.5,88,105,92
India,Bihar,Muzaffarpur,"Muzaffarpur Collectorate, Muzaffarpur - BSPCB","18-02-2026 16:00:00",26.1209,85.3647,CO,24,68,49
India,Bihar,Patna,"DRM Office Danapur, Patna - BSPCB","18-02-2026 16:00:00",25.586562,85.043586,PM10,70,206,136
India,Bihar,Patna,"DRM Office Danapur, Patna - BSPCB","18-02-2026 16:00:00",25.586562,85.043586,NH3,4,5,5
India,Bihar,Patna,"Muradpur, Patna - BSPCB","18-02-2026 16:00:00",25.619651,85.147382,NH3,4,5,5
India,Assam,Nagaon,"Christianpatty, Nagaon - PCBA","18-02-2026 16:00:00",26.349082,92.68449,OZONE,8,10,9
India,Assam,Nalbari,"Bata Chowk, Nalbari - PCBA","18-02-2026 16:00:00",26.446912,91.439057,CO,20,22,21
India,Assam,Silchar,"Tarapur, Silchar - PCBA","18-02-2026 16:00:00",24.82827,92.79525,PM2.5,13,81,45
India,Assam,Silchar,"Tarapur, Silchar - PCBA","18-02-2026 16:00:00",24.82827,92.79525,NH3,1,2,2
India,Bihar,Araria,"Kharahiya Basti, Araria - BSPCB","18-02-2026 16:00:00",26.146529,87.454184,PM2.5,53,306,101
India,Bihar,Arrah,"New DM Office, Arrah - BSPCB","18-02-2026 16:00:00",25.5626095,84.663264,CO,28,62,49
India,Bihar,Arrah,"New DM Office, Arrah - BSPCB","18-02-2026 16:00:00",25.5626095,84.663264,OZONE,7,8,8
India,Bihar,Aurangabad,"Gurdeo Nagar, Aurangabad - BSPCB","18-02-2026 16:00:00",24.75746,84.366208,PM2.5,15,72,34
India,Bihar,Begusarai,"Lohiyanagar, Begusarai - BSPCB","18-02-2026 16:00:00",25.42742023,86.13886079,CO,24,62,33
India,Bihar,Bettiah,"Kamalnath Nagar, Bettiah - BSPCB","18-02-2026 16:00:00",26.80365,84.51954,NO2,4,9,8
India,Bihar,Bettiah,"Kamalnath Nagar, Bettiah - BSPCB","18-02-2026 16:00:00",26.80365,84.51954,NH3,1,1,1
India,Bihar,Bettiah,"Kamalnath Nagar, Bettiah - BSPCB","18-02-2026 16:00:00",26.80365,84.51954,OZONE,21,23,23
India,Bihar,Bhagalpur,"Mayaganj, Bhagalpur - BSPCB","18-02-2026 16:00:00",25.265194,87.012947,NO2,6,8,7
India,Bihar,Buxar,"Charitra Van, Buxar - BSPCB","18-02-2026 16:00:00",25.567520,83.966379,PM10,42,113,72
India,Andhra_Pradesh,Amaravati,"Secretariat, Amaravati - APPCB","18-02-2026 16:00:00",16.5150833,80.5181667,PM2.5,73,201,112
India,Andhra_Pradesh,Amaravati,"Secretariat, Amaravati - APPCB","18-02-2026 16:00:00",16.5150833,80.5181667,CO,16,77,32
India,Delhi,Delhi,"Dwarka-Sector 8, Delhi - DPCC ","18-02-2026 16:00:00",28.5710274,77.0719006,CO,26,106,56
India,Delhi,Delhi,"IGI Airport (T3), Delhi - IMD","18-02-2026 16:00:00",28.5627763,77.1180053,PM2.5,31,319,143
India,Delhi,Delhi,"IHBAS, Dilshad Garden, Delhi - CPCB","18-02-2026 16:00:00",28.6811736,77.3025234,PM10,120,209,164
India,Delhi,Delhi,"ITO, Delhi - CPCB","18-02-2026 16:00:00",28.628624,77.241060,SO2,7,22,16
India,Delhi,Delhi,"ITO, Delhi - CPCB","18-02-2026 16:00:00",28.628624,77.241060,CO,20,114,45
India,Delhi,Delhi,"Jahangirpuri, Delhi - DPCC","18-02-2026 16:00:00",28.732820,77.170633,PM2.5,63,414,246
India,Bihar,Patna,"Muradpur, Patna - BSPCB","18-02-2026 16:00:00",25.619651,85.147382,OZONE,5,15,12
India,Bihar,Patna,"Rajbansi Nagar, Patna - BSPCB","18-02-2026 16:00:00",25.599486,85.113666,SO2,3,10,6
India,Bihar,Purnia,"Mariam Nagar, Purnia - BSPCB","18-02-2026 16:00:00",25.366336,87.117468,PM10,61,94,77
India,Bihar,Purnia,"Mariam Nagar, Purnia - BSPCB","18-02-2026 16:00:00",25.366336,87.117468,NH3,3,3,3
India,Bihar,Purnia,"Mariam Nagar, Purnia - BSPCB","18-02-2026 16:00:00",25.366336,87.117468,SO2,14,25,18
India,Bihar,Saharsa,"Police Line, Saharsa - BSPCB","18-02-2026 16:00:00",25.892357,86.590325,NO2,6,9,7
India,Bihar,Saharsa,"Police Line, Saharsa - BSPCB","18-02-2026 16:00:00",25.892357,86.590325,CO,32,41,37
India,Bihar,Samastipur,"DM Office_Kasipur, Samastipur - BSPCB","18-02-2026 16:00:00",25.859655,85.77944,SO2,26,33,29
India,Bihar,Samastipur,"DM Office_Kasipur, Samastipur - BSPCB","18-02-2026 16:00:00",25.859655,85.77944,CO,7,10,8
India,Bihar,Siwan,"Chitragupta Nagar, Siwan - BSPCB","18-02-2026 16:00:00",26.2271665,84.3570427,PM10,64,109,87
India,Chandigarh,Chandigarh,"Sector 22, Chandigarh - CPCC","18-02-2026 16:00:00",30.735567,76.775714,SO2,9,23,12
India,Chandigarh,Chandigarh,"Sector-25, Chandigarh - CPCC","18-02-2026 16:00:00",30.751462,76.762879,NO2,8,23,15
India,Chhattisgarh,Bhilai,"Civic Center, Bhilai - Bhilai Steel Plant","18-02-2026 16:00:00",21.185571,81.343175,OZONE,9,12,10
India,Chhattisgarh,Bhilai,"Hathkhoj, Bhilai - CECB","18-02-2026 16:00:00",21.224231,81.408350,PM2.5,12,89,49
India,Chhattisgarh,Bhilai,"Hathkhoj, Bhilai - CECB","18-02-2026 16:00:00",21.224231,81.408350,NH3,3,6,5
India,Chhattisgarh,Bhilai,"Hathkhoj, Bhilai - CECB","18-02-2026 16:00:00",21.224231,81.408350,OZONE,4,16,13
India,Chhattisgarh,Bilaspur,"Mangala, Bilaspur - NTPC","18-02-2026 16:00:00",22.08815,82.13737,PM10,52,123,90
India,Chhattisgarh,Bilaspur,"Mangala, Bilaspur - NTPC","18-02-2026 16:00:00",22.08815,82.13737,CO,17,109,30
India,Chhattisgarh,Korba,"Urja Nagar, Korba - CECB","18-02-2026 16:00:00",22.348441,82.549611,SO2,6,16,11
India,Chhattisgarh,Korba,"Urja Nagar, Korba - CECB","18-02-2026 16:00:00",22.348441,82.549611,CO,19,52,24
India,Chhattisgarh,Raipur,"AIIMS, Raipur - CECB","18-02-2026 16:00:00",21.258815,81.578979,PM2.5,26,103,63
India,Chhattisgarh,Raipur,"AIIMS, Raipur - CECB","18-02-2026 16:00:00",21.258815,81.578979,NO2,32,49,43
India,Chhattisgarh,Raipur,"Bhatagaon New ISBT, Raipur - CECB","18-02-2026 16:00:00",21.219665,81.630094,PM2.5,21,86,53
India,Chhattisgarh,Raipur,"Bhatagaon New ISBT, Raipur - CECB","18-02-2026 16:00:00",21.219665,81.630094,NO2,2,62,29
India,Chhattisgarh,Raipur,"Bhatagaon New ISBT, Raipur - CECB","18-02-2026 16:00:00",21.219665,81.630094,SO2,3,35,13
India,Delhi,Delhi,"Alipur, Delhi - DPCC","18-02-2026 16:00:00",28.815329,77.153010,CO,33,57,44
India,Delhi,Delhi,"Anand Vihar, Delhi - DPCC","18-02-2026 16:00:00",28.647622,77.3158090,NH3,10,26,15
India,Delhi,Delhi,"Aya Nagar, Delhi - IMD","18-02-2026 16:00:00",28.4706914,77.1099364,PM10,71,269,176
India,Delhi,Delhi,"Aya Nagar, Delhi - IMD","18-02-2026 16:00:00",28.4706914,77.1099364,NO2,19,78,48
India,Delhi,Delhi,"Bawana, Delhi - DPCC","18-02-2026 16:00:00",28.776200,77.051074,OZONE,4,96,17
India,Delhi,Delhi,"Chandni Chowk, Delhi - IITM","18-02-2026 16:00:00",28.656756,77.227234,NO2,22,48,37
India,Delhi,Delhi,"DTU, Delhi - CPCB","18-02-2026 16:00:00",28.7500499,77.1112615,PM2.5,41,406,211
India,Delhi,Delhi,"Dr. Karni Singh Shooting Range, Delhi - DPCC","18-02-2026 16:00:00",28.498571,77.264840,PM10,79,240,160
India,Delhi,Delhi,"Dwarka-Sector 8, Delhi - DPCC ","18-02-2026 16:00:00",28.5710274,77.0719006,NH3,13,23,19
India,Chandigarh,Chandigarh,"Sector-53, Chandigarh - CPCC","18-02-2026 16:00:00",30.719859,76.738637,PM10,20,175,86
India,Chandigarh,Chandigarh,"Sector-53, Chandigarh - CPCC","18-02-2026 16:00:00",30.719859,76.738637,NH3,15,19,17
India,Chhattisgarh,Bhilai,"Civic Center, Bhilai - Bhilai Steel Plant","18-02-2026 16:00:00",21.185571,81.343175,PM2.5,15,72,41
India,Chhattisgarh,Bhilai,"Civic Center, Bhilai - Bhilai Steel Plant","18-02-2026 16:00:00",21.185571,81.343175,PM10,22,103,50
India,Chhattisgarh,Bhilai,"Civic Center, Bhilai - Bhilai Steel Plant","18-02-2026 16:00:00",21.185571,81.343175,CO,28,34,30
India,Chhattisgarh,Raipur,"Siltara Phase-II, Raipur - CECB","18-02-2026 16:00:00",21.371751,81.664929,PM2.5,41,320,151
India,Chhattisgarh,Raipur,"Siltara Phase-II, Raipur - CECB","18-02-2026 16:00:00",21.371751,81.664929,PM10,31,153,108
India,Delhi,Delhi,"Alipur, Delhi - DPCC","18-02-2026 16:00:00",28.815329,77.153010,PM2.5,32,350,215
India,Delhi,Delhi,"Alipur, Delhi - DPCC","18-02-2026 16:00:00",28.815329,77.153010,NO2,29,75,50
India,Gujarat,Ahmedabad,"Raikhad, Ahmedabad - IITM","18-02-2026 16:00:00",23.020509,72.579261,NO2,41,164,89
India,Gujarat,Ahmedabad,"Raikhad, Ahmedabad - IITM","18-02-2026 16:00:00",23.020509,72.579261,NH3,14,33,21
India,Gujarat,Ahmedabad,"Raikhad, Ahmedabad - IITM","18-02-2026 16:00:00",23.020509,72.579261,CO,1,74,26
India,Gujarat,Ahmedabad,"Rakhial, Ahmedabad - IITM","18-02-2026 16:00:00",23.016834,72.625775,NO2,14,90,51
India,Gujarat,Ahmedabad,"SAC ISRO Bopal, Ahmedabad - IITM","18-02-2026 16:00:00",23.041137,72.456691,SO2,9,16,11
India,Gujarat,Ahmedabad,"SAC ISRO Bopal, Ahmedabad - IITM","18-02-2026 16:00:00",23.041137,72.456691,CO,12,28,21
India,Gujarat,Ahmedabad,"SAC ISRO Bopal, Ahmedabad - IITM","18-02-2026 16:00:00",23.041137,72.456691,OZONE,1,87,50
India,Gujarat,Ahmedabad,"SVPI Airport Hansol, Ahmedabad - IITM","18-02-2026 16:00:00",23.076793,72.627874,SO2,8,16,11
India,Delhi,Delhi,"Pusa, Delhi - IMD","18-02-2026 16:00:00",28.636110,77.173332,PM10,52,252,150
India,Delhi,Delhi,"R K Puram, Delhi - DPCC","18-02-2026 16:00:00",28.563262,77.186937,PM2.5,67,379,241
India,Delhi,Delhi,"R K Puram, Delhi - DPCC","18-02-2026 16:00:00",28.563262,77.186937,NH3,8,22,12
India,Delhi,Delhi,"Shadipur, Delhi - CPCB","18-02-2026 16:00:00",28.6514781,77.1473105,PM2.5,58,376,277
India,Delhi,Delhi,"Shadipur, Delhi - CPCB","18-02-2026 16:00:00",28.6514781,77.1473105,NH3,11,19,14
India,Delhi,Delhi,"Shadipur, Delhi - CPCB","18-02-2026 16:00:00",28.6514781,77.1473105,CO,12,123,33
India,Delhi,Delhi,"North Campus, DU, Delhi - IMD","18-02-2026 16:00:00",28.6573814,77.1585447,OZONE,11,172,21
India,Delhi,Delhi,"Okhla Phase-2, Delhi - DPCC","18-02-2026 16:00:00",28.530785,77.271255,PM2.5,58,334,231
India,Delhi,Delhi,"Okhla Phase-2, Delhi - DPCC","18-02-2026 16:00:00",28.530785,77.271255,NO2,34,120,91
India,Delhi,Delhi,"Punjabi Bagh, Delhi - DPCC","18-02-2026 16:00:00",28.674045,77.131023,PM2.5,52,374,210
India,Delhi,Delhi,"Pusa, Delhi - DPCC","18-02-2026 16:00:00",28.639652,77.146275,NO2,35,119,85
India,Delhi,Delhi,"NSIT Dwarka, Delhi - CPCB","18-02-2026 16:00:00",28.60909,77.0325413,SO2,9,21,15
India,Delhi,Delhi,"Narela, Delhi - DPCC","18-02-2026 16:00:00",28.822836,77.101981,OZONE,1,115,20
India,Delhi,Delhi,"Nehru Nagar, Delhi - DPCC","18-02-2026 16:00:00",28.567890,77.250515,PM2.5,63,361,244
India,Delhi,Delhi,"Nehru Nagar, Delhi - DPCC","18-02-2026 16:00:00",28.567890,77.250515,OZONE,1,90,26
India,Delhi,Delhi,"Wazirpur, Delhi - DPCC","18-02-2026 16:00:00",28.699793,77.165453,PM2.5,73,473,262
India,Gujarat,Ahmedabad,"Chandkheda, Ahmedabad - IITM","18-02-2026 16:00:00",23.107969,72.574648,NO2,16,82,45
India,Gujarat,Ahmedabad,"Gyaspur, Ahmedabad - IITM","18-02-2026 16:00:00",22.977134,72.553024,OZONE,1,58,1
India,Delhi,Delhi,"Sirifort, Delhi - CPCB","18-02-2026 16:00:00",28.5504249,77.2159377,NH3,6,9,8
India,Delhi,Delhi,"Sonia Vihar, Delhi - DPCC","18-02-2026 16:00:00",28.710508,77.249485,SO2,38,60,53
India,Delhi,Delhi,"Sonia Vihar, Delhi - DPCC","18-02-2026 16:00:00",28.710508,77.249485,CO,64,196,169
India,Delhi,Delhi,"Sonia Vihar, Delhi - DPCC","18-02-2026 16:00:00",28.710508,77.249485,OZONE,1,122,27
India,Delhi,Delhi,"Lodhi Road, Delhi - IMD","18-02-2026 16:00:00",28.5918245,77.2273074,PM2.5,38,305,119
India,Delhi,Delhi,"Lodhi Road, Delhi - IMD","18-02-2026 16:00:00",28.5918245,77.2273074,PM10,76,254,160
India,Delhi,Delhi,"Major Dhyan Chand National Stadium, Delhi - DPCC","18-02-2026 16:00:00",28.611281,77.237738,NH3,13,23,18
India,Delhi,Delhi,"Mandir Marg, Delhi - DPCC","18-02-2026 16:00:00",28.636429,77.201067,PM2.5,2,316,116
India,Delhi,Delhi,"Mandir Marg, Delhi - DPCC","18-02-2026 16:00:00",28.636429,77.201067,CO,34,107,46
India,Delhi,Delhi,"Mundka, Delhi - DPCC","18-02-2026 16:00:00",28.684678,77.076574,PM10,85,466,284
India,Gujarat,Ahmedabad,"Maninagar, Ahmedabad - GPCB","18-02-2026 16:00:00",23.002657,72.591912,SO2,25,43,36
India,Haryana,Dharuhera,"Municipal Corporation Office, Dharuhera -  HSPCB","18-02-2026 16:00:00",28.206800,76.799700,PM2.5,106,330,237
India,Haryana,Dharuhera,"Municipal Corporation Office, Dharuhera -  HSPCB","18-02-2026 16:00:00",28.206800,76.799700,SO2,3,3,3
India,Haryana,Faridabad,"New Industrial Town, Faridabad - HSPCB","18-02-2026 16:00:00",28.39072,77.30059,PM2.5,181,207,192
India,Haryana,Faridabad,"New Industrial Town, Faridabad - HSPCB","18-02-2026 16:00:00",28.39072,77.30059,NO2,23,26,25
India,Haryana,Faridabad,"New Industrial Town, Faridabad - HSPCB","18-02-2026 16:00:00",28.39072,77.30059,SO2,8,9,8
India,Haryana,Faridabad,"New Industrial Town, Faridabad - HSPCB","18-02-2026 16:00:00",28.39072,77.30059,CO,10,13,11
India,Haryana,Faridabad,"Sector 11, Faridabad - HSPCB","18-02-2026 16:00:00",28.376058,77.315741,CO,40,58,52
India,Haryana,Faridabad,"Sector 30, Faridabad - HSPCB","18-02-2026 16:00:00",28.4417,77.3217,PM10,99,101,100
India,Haryana,Faridabad,"Sector 30, Faridabad - HSPCB","18-02-2026 16:00:00",28.4417,77.3217,SO2,6,6,6
India,Haryana,Faridabad,"Sector 30, Faridabad - HSPCB","18-02-2026 16:00:00",28.4417,77.3217,CO,30,64,58
India,Haryana,Fatehabad,"Huda Sector, Fatehabad - HSPCB","18-02-2026 16:00:00",29.503664,75.467934,NH3,13,15,14
India,Haryana,Fatehabad,"Huda Sector, Fatehabad - HSPCB","18-02-2026 16:00:00",29.503664,75.467934,SO2,10,11,11
India,Haryana,Fatehabad,"Huda Sector, Fatehabad - HSPCB","18-02-2026 16:00:00",29.503664,75.467934,OZONE,63,90,74
India,Haryana,Narnaul,"Shastri Nagar, Narnaul - HSPCB","18-02-2026 16:00:00",28.060249,76.113115,OZONE,1,12,3
India,Haryana,Palwal,"Shyam Nagar, Palwal - HSPCB","18-02-2026 16:00:00",28.1485564,77.3320667,NO2,23,24,24
India,Haryana,Palwal,"Shyam Nagar, Palwal - HSPCB","18-02-2026 16:00:00",28.1485564,77.3320667,NH3,8,9,9
India,Haryana,Palwal,"Shyam Nagar, Palwal - HSPCB","18-02-2026 16:00:00",28.1485564,77.3320667,SO2,13,14,14
India,Haryana,Panchkula,"Sector-6, Panchkula - HSPCB ","18-02-2026 16:00:00",30.7057778,76.8531805555555,NO2,23,27,25
India,Haryana,Panipat,"Sector-18, Panipat - HSPCB","18-02-2026 16:00:00",29.432304,76.972765,PM10,51,342,131
India,Haryana,Rohtak,"MD University, Rohtak - HSPCB","18-02-2026 16:00:00",28.52123,76.37138,NO2,11,12,12
India,Haryana,Rohtak,"MD University, Rohtak - HSPCB","18-02-2026 16:00:00",28.52123,76.37138,CO,30,39,34
India,Gujarat,Vatva,"Phase-4 GIDC, Vatva - GPCB","18-02-2026 16:00:00",22.969611,72.643500,PM10,45,215,136
India,Haryana,Ambala,"Patti Mehar, Ambala - HSPCB","18-02-2026 16:00:00",30.379589,76.778328,NH3,9,12,10
India,Haryana,Ambala,"Patti Mehar, Ambala - HSPCB","18-02-2026 16:00:00",30.379589,76.778328,CO,26,44,34
India,Haryana,Bahadurgarh,"Arya Nagar, Bahadurgarh - HSPCB","18-02-2026 16:00:00",28.6701,76.9254,NO2,12,14,13
India,Haryana,Ballabgarh,"Nathu Colony, Ballabgarh - HSPCB","18-02-2026 16:00:00",28.3419248,77.319699,PM2.5,48,254,128
India,Haryana,Ballabgarh,"Nathu Colony, Ballabgarh - HSPCB","18-02-2026 16:00:00",28.3419248,77.319699,NO2,19,21,20
India,Haryana,"Charkhi Dadri","Mini Secretariat, Charkhi Dadri - HSPCB","18-02-2026 16:00:00",28.593883,76.270653,NO2,9,23,15
India,Haryana,"Yamuna Nagar","Gobind Pura, Yamuna Nagar - HSPCB","18-02-2026 16:00:00",30.1480566,77.2893471,NO2,36,38,37
India,Haryana,"Yamuna Nagar","Gobind Pura, Yamuna Nagar - HSPCB","18-02-2026 16:00:00",30.1480566,77.2893471,CO,26,52,47
India,"Himachal Pradesh",Baddi,"HIMUDA Complex Phase-1, Baddi - HPPCB","18-02-2026 16:00:00",30.943887,76.801991,SO2,27,132,78
India,"Himachal Pradesh",Baddi,"HIMUDA Complex Phase-1, Baddi - HPPCB","18-02-2026 16:00:00",30.943887,76.801991,CO,39,107,51
India,"Himachal Pradesh",Baddi,"HIMUDA Complex Phase-1, Baddi - HPPCB","18-02-2026 16:00:00",30.943887,76.801991,OZONE,17,157,74
India,Jammu_and_Kashmir,Pampore,"Khrew, Pampore - JKPCC","18-02-2026 16:00:00",34.031606,75.009712,PM2.5,47,90,69
India,Jammu_and_Kashmir,Pampore,"Khrew, Pampore - JKPCC","18-02-2026 16:00:00",34.031606,75.009712,PM10,50,95,73
India,Gujarat,Ahmedabad,"SVPI Airport Hansol, Ahmedabad - IITM","18-02-2026 16:00:00",23.076793,72.627874,OZONE,2,92,50
India,Gujarat,Ankleshwar,"GIDC, Ankleshwar - GPCB","18-02-2026 16:00:00",21.613267,73.010555,NH3,6,7,6
India,Gujarat,Bhavnagar,"Vidhyanagar, Bhavnagar - Nexteng Enviro","18-02-2026 16:00:00",21.755417,72.139056,CO,118,134,120
India,Gujarat,Bhavnagar,"Vidhyanagar, Bhavnagar - Nexteng Enviro","18-02-2026 16:00:00",21.755417,72.139056,OZONE,5,23,14
India,Gujarat,Gandhinagar,"Sector-10, Gandhinagar - GPCB","18-02-2026 16:00:00",23.221714,72.654328,NO2,24,37,30
India,Gujarat,Gandhinagar,"Sector-10, Gandhinagar - GPCB","18-02-2026 16:00:00",23.221714,72.654328,CO,42,50,46
India,Haryana,Gurugram,"Teri Gram, Gurugram - HSPCB","18-02-2026 16:00:00",28.4275,77.1465,PM2.5,NA,NA,NA
India,Haryana,Hisar,"Urban Estate-II, Hisar - HSPCB","18-02-2026 16:00:00",29.140560,75.744941,NO2,26,27,26
India,Haryana,Hisar,"Urban Estate-II, Hisar - HSPCB","18-02-2026 16:00:00",29.140560,75.744941,OZONE,46,92,71
India,Haryana,Jind,"Police Lines, Jind - HSPCB","18-02-2026 16:00:00",29.307814,76.337619,PM10,21,124,73
India,Haryana,Jind,"Police Lines, Jind - HSPCB","18-02-2026 16:00:00",29.307814,76.337619,SO2,2,4,3
India,Haryana,Kaithal,"Rishi Nagar, Kaithal - HSPCB","18-02-2026 16:00:00",29.8006,76.4155,PM2.5,45,239,116
India,Gujarat,Rajkot,"Mavdi, Rajkot - Nexteng Enviro ","18-02-2026 16:00:00",22.248853,70.776774,PM10,53,157,103
India,Gujarat,Rajkot,"Mavdi, Rajkot - Nexteng Enviro ","18-02-2026 16:00:00",22.248853,70.776774,NH3,3,4,3
India,Gujarat,Surat,"Science Center, Surat - SMC","18-02-2026 16:00:00",21.170046,72.795405,NO2,6,13,10
India,Gujarat,Vadodara,"Bapunagar, Vadodara - Nexteng Enviro","18-02-2026 16:00:00",22.320153,73.216285,NO2,20,132,62
India,Gujarat,Vadodara,"Bapunagar, Vadodara - Nexteng Enviro","18-02-2026 16:00:00",22.320153,73.216285,OZONE,2,35,13
India,Gujarat,Vapi,"Phase-1 GIDC, Vapi - GPCB","18-02-2026 16:00:00",20.362421,72.918013,NH3,4,4,4
India,Haryana,Karnal,"Sector-12, Karnal - HSPCB","18-02-2026 16:00:00",29.695300,77.002700,PM2.5,37,311,175
India,Haryana,Karnal,"Sector-12, Karnal - HSPCB","18-02-2026 16:00:00",29.695300,77.002700,NO2,6,7,6
India,Haryana,Karnal,"Sector-12, Karnal - HSPCB","18-02-2026 16:00:00",29.695300,77.002700,CO,1,54,1
India,Haryana,Kurukshetra,"Sector-7, Kurukshetra - HSPCB","18-02-2026 16:00:00",29.966942,76.875879,SO2,1,74,12
India,Haryana,Narnaul,"Shastri Nagar, Narnaul - HSPCB","18-02-2026 16:00:00",28.060249,76.113115,PM2.5,40,154,89
India,Gujarat,Mehsana,"Sadanand Nagar, Mehsana - Nexteng Enviro","18-02-2026 16:00:00",23.593150,72.372792,PM10,38,172,93
India,Gujarat,Mehsana,"Sadanand Nagar, Mehsana - Nexteng Enviro","18-02-2026 16:00:00",23.593150,72.372792,CO,110,129,111
India,Jammu_and_Kashmir,Srinagar,"Rajbagh, Srinagar - JKPCC","18-02-2026 16:00:00",34.066206,74.819820,SO2,3,4,3
India,Jammu_and_Kashmir,Srinagar,"Rajbagh, Srinagar - JKPCC","18-02-2026 16:00:00",34.066206,74.819820,CO,4,18,13
India,Jammu_and_Kashmir,Srinagar,"Rajbagh, Srinagar - JKPCC","18-02-2026 16:00:00",34.066206,74.819820,OZONE,1,11,2
India,Jharkhand,Dhanbad,"Sardar Patel Nagar, Dhanbad - JSPCB","18-02-2026 16:00:00",23.80569,86.44268,OZONE,1,41,27
India,Karnataka,Bagalkot,"Vidayagiri, Bagalkot - KSPCB","18-02-2026 16:00:00",16.172806,75.659694,OZONE,12,12,12
India,Karnataka,Bengaluru,"BTM Layout, Bengaluru - CPCB","18-02-2026 16:00:00",12.9135218,77.5950804,CO,45,56,50
India,Karnataka,Bengaluru,"Bapuji Nagar, Bengaluru - KSPCB","18-02-2026 16:00:00",12.951913,77.539784,PM10,94,155,123
India,Karnataka,Bengaluru,"Hebbal, Bengaluru - KSPCB","18-02-2026 16:00:00",13.029152,77.585901,CO,NA,NA,NA
India,Karnataka,Bengaluru,"Jayanagar 5th Block, Bengaluru - KSPCB","18-02-2026 16:00:00",12.920984,77.584908,CO,8,47,25
India,Karnataka,Bengaluru,"Kasturi Nagar, Bengaluru - KSPCB","18-02-2026 16:00:00",13.003872,77.664217,PM2.5,52,63,61
India,Karnataka,Bengaluru,"Kasturi Nagar, Bengaluru - KSPCB","18-02-2026 16:00:00",13.003872,77.664217,NO2,26,34,27
India,Karnataka,Bengaluru,"Peenya, Bengaluru - CPCB","18-02-2026 16:00:00",13.0270199,77.494094,CO,6,31,7
India,Karnataka,Bengaluru,"RVCE-Mailasandra, Bengaluru - KSPCB","18-02-2026 16:00:00",12.921418,77.502466,PM10,66,150,107
India,Karnataka,Bengaluru,"RVCE-Mailasandra, Bengaluru - KSPCB","18-02-2026 16:00:00",12.921418,77.502466,CO,3,28,14
India,Karnataka,Bengaluru,"RVCE-Mailasandra, Bengaluru - KSPCB","18-02-2026 16:00:00",12.921418,77.502466,OZONE,22,25,24
India,Karnataka,Bengaluru,"Sanegurava Halli, Bengaluru - KSPCB","18-02-2026 16:00:00",12.990328,77.5431385,PM10,50,54,52
India,Karnataka,Bengaluru,"Silk Board, Bengaluru - KSPCB","18-02-2026 16:00:00",12.917348,77.622813,PM2.5,57,94,75
India,Karnataka,Chamarajanagar,"Urban, Chamarajanagar - KSPCB","18-02-2026 16:00:00",11.55358,76.55521,OZONE,13,35,30
India,Karnataka,Chikkaballapur,"Chikkaballapur Rural, Chikkaballapur - KSPCB","18-02-2026 16:00:00",13.428828,77.731418,PM10,39,85,56
India,Karnataka,Chikkamagaluru,"Kalyana Nagara, Chikkamagaluru - KSPCB","18-02-2026 16:00:00",13.328028,75.797056,SO2,4,12,8
India,Karnataka,Chikkamagaluru,"Kalyana Nagara, Chikkamagaluru - KSPCB","18-02-2026 16:00:00",13.328028,75.797056,CO,11,11,11
India,Karnataka,Hubballi,"Lingaraj Nagar, Hubballi - KSPCB","18-02-2026 16:00:00",15.3714823,75.1160168,PM10,61,74,65
India,Karnataka,Hubballi,"Lingaraj Nagar, Hubballi - KSPCB","18-02-2026 16:00:00",15.3714823,75.1160168,NH3,2,2,2
India,Karnataka,Hubballi,"Lingaraj Nagar, Hubballi - KSPCB","18-02-2026 16:00:00",15.3714823,75.1160168,OZONE,NA,NA,NA
India,Karnataka,Kalaburagi,"Mahatma Basaveswar Colony, Kalaburgi - KSPCB","18-02-2026 16:00:00",17.336318,76.847397,CO,38,60,42
India,Karnataka,Madikeri,"Stuart Hill, Madikeri - KSPCB","18-02-2026 16:00:00",12.415911,75.735050,PM2.5,38,57,47
India,Karnataka,Madikeri,"Stuart Hill, Madikeri - KSPCB","18-02-2026 16:00:00",12.415911,75.735050,PM10,46,68,56
India,Karnataka,Mysuru,"Hebbal 1st Stage, Mysuru - KSPCB","18-02-2026 16:00:00",12.21041,76.37376,PM10,60,106,83
India,Karnataka,Ramanagara,"Vijay Nagar, Ramanagara - KSPCB","18-02-2026 16:00:00",12.733409,77.298051,CO,18,42,24
India,Karnataka,Ramanagara,"Vijay Nagar, Ramanagara - KSPCB","18-02-2026 16:00:00",12.733409,77.298051,OZONE,45,79,55
India,Karnataka,Tumakuru,"Thimmalapura, Tumakuru - KSPCB","18-02-2026 16:00:00",13.377516,77.099072,PM10,104,132,114
India,Karnataka,Tumakuru,"Thimmalapura, Tumakuru - KSPCB","18-02-2026 16:00:00",13.377516,77.099072,SO2,26,27,26
India,Karnataka,Tumakuru,"Thimmalapura, Tumakuru - KSPCB","18-02-2026 16:00:00",13.377516,77.099072,OZONE,23,23,23
India,Karnataka,Vijayapura,"Ibrahimpur, Vijayapura - KSPCB","18-02-2026 16:00:00",16.802639,75.722694,PM10,61,62,62
India,Bihar,Munger,"Town Hall, Munger - BSPCB","18-02-2026 16:00:00",25.376776,86.471523,CO,20,56,49
India,Bihar,Muzaffarpur,"Buddha Colony, Muzaffarpur - BSPCB","18-02-2026 16:00:00",26.11442,85.39813,SO2,2,6,4
India,Bihar,Muzaffarpur,"MIT-Daudpur Kothi, Muzaffarpur - BSPCB","18-02-2026 16:00:00",26.1403345,85.3650192,PM2.5,87,107,92
India,Bihar,Patna,"DRM Office Danapur, Patna - BSPCB","18-02-2026 16:00:00",25.586562,85.043586,CO,6,78,32
India,Bihar,Patna,"DRM Office Danapur, Patna - BSPCB","18-02-2026 16:00:00",25.586562,85.043586,OZONE,8,37,20
India,Bihar,Patna,"Govt. High School Shikarpur, Patna - BSPCB","18-02-2026 16:00:00",25.592539,85.227158,PM2.5,182,327,290
India,Bihar,Patna,"Govt. High School Shikarpur, Patna - BSPCB","18-02-2026 16:00:00",25.592539,85.227158,NO2,17,50,31
India,Bihar,Buxar,"Charitra Van, Buxar - BSPCB","18-02-2026 16:00:00",25.567520,83.966379,NH3,3,3,3
India,Bihar,Chhapra,"Darshan Nagar, Chhapra - BSPCB","18-02-2026 16:00:00",25.7808257,84.7446768,NO2,NA,NA,NA
India,Bihar,Chhapra,"Darshan Nagar, Chhapra - BSPCB","18-02-2026 16:00:00",25.7808257,84.7446768,NH3,NA,NA,NA
India,Bihar,Chhapra,"Darshan Nagar, Chhapra - BSPCB","18-02-2026 16:00:00",25.7808257,84.7446768,CO,NA,NA,NA
India,Bihar,Gaya,"Kareemganj, Gaya - BSPCB","18-02-2026 16:00:00",24.792403,84.992416,NH3,1,2,1
India,Bihar,Gaya,"SFTI Kusdihra, Gaya - BSPCB","18-02-2026 16:00:00",24.762518,84.982348,PM2.5,NA,NA,NA
India,Bihar,Gaya,"SFTI Kusdihra, Gaya - BSPCB","18-02-2026 16:00:00",24.762518,84.982348,OZONE,6,54,46
India,Bihar,Hajipur,"Industrial Area, Hajipur - BSPCB","18-02-2026 16:00:00",25.697189,85.245900,NO2,37,143,98
India,Bihar,Katihar,"Mirchaibari, Katihar - BSPCB","18-02-2026 16:00:00",25.560083,87.553265,PM2.5,50,98,78
India,Bihar,Katihar,"Mirchaibari, Katihar - BSPCB","18-02-2026 16:00:00",25.560083,87.553265,NO2,9,10,9
India,Bihar,Kishanganj,"SDM Office_Khagra, Kishanganj - BSPCB","18-02-2026 16:00:00",26.0881305,87.93840336,OZONE,32,34,32
India,Bihar,Manguraha,"Forest Rest House, Manguraha - BSPCB","18-02-2026 16:00:00",27.308328,84.531742,OZONE,9,10,10
India,Bihar,Motihari,"Gandak Colony, Motihari - BSPCB","18-02-2026 16:00:00",26.63086,84.90051,NH3,3,3,3
India,Bihar,Munger,"Town Hall, Munger - BSPCB","18-02-2026 16:00:00",25.376776,86.471523,NH3,2,11,6
India,Bihar,Begusarai,"Lohiyanagar, Begusarai - BSPCB","18-02-2026 16:00:00",25.42742023,86.13886079,OZONE,1,52,20
India,Bihar,Bettiah,"Kamalnath Nagar, Bettiah - BSPCB","18-02-2026 16:00:00",26.80365,84.51954,PM2.5,48,150,80
India,Bihar,Bhagalpur,"Mayaganj, Bhagalpur - BSPCB","18-02-2026 16:00:00",25.265194,87.012947,PM2.5,17,45,27
India,Bihar,Bhagalpur,"Mayaganj, Bhagalpur - BSPCB","18-02-2026 16:00:00",25.265194,87.012947,PM10,NA,NA,NA
India,Bihar,"Bihar Sharif","D M Colony, Bihar Sharif - BSPCB","18-02-2026 16:00:00",25.204762,85.514960,CO,96,110,103
India,Assam,Guwahati,"Railway Colony, Guwahati - PCBA","18-02-2026 16:00:00",26.181742,91.78063,PM2.5,61,367,247
India,Assam,Nagaon,"Christianpatty, Nagaon - PCBA","18-02-2026 16:00:00",26.349082,92.68449,NH3,3,4,4
India,Assam,Nagaon,"Christianpatty, Nagaon - PCBA","18-02-2026 16:00:00",26.349082,92.68449,SO2,5,15,11
India,Assam,Nalbari,"Bata Chowk, Nalbari - PCBA","18-02-2026 16:00:00",26.446912,91.439057,OZONE,12,16,14
India,Assam,Silchar,"Tarapur, Silchar - PCBA","18-02-2026 16:00:00",24.82827,92.79525,CO,38,86,66
India,Andhra_Pradesh,Anantapur,"Gulzarpet, Anantapur - APPCB","18-02-2026 16:00:00",14.675886,77.593027,NH3,5,5,5
India,Andhra_Pradesh,Anantapur,"Gulzarpet, Anantapur - APPCB","18-02-2026 16:00:00",14.675886,77.593027,SO2,11,17,16
India,Andhra_Pradesh,Chittoor,"Gangineni Cheruvu, Chittoor - APPCB","18-02-2026 16:00:00",13.204880,79.097889,NO2,11,21,16
India,Andhra_Pradesh,Kadapa,"Yerramukkapalli, Kadapa - APPCB","18-02-2026 16:00:00",14.465052,78.824187,PM10,48,78,64
India,Andhra_Pradesh,Kadapa,"Yerramukkapalli, Kadapa - APPCB","18-02-2026 16:00:00",14.465052,78.824187,NH3,3,5,4
India,Andhra_Pradesh,Kadapa,"Yerramukkapalli, Kadapa - APPCB","18-02-2026 16:00:00",14.465052,78.824187,OZONE,13,15,14
India,Arunachal_Pradesh,Naharlagun,"Naharlagun, Naharlagun - APSPCB","18-02-2026 16:00:00",27.103358,93.679645,PM10,65,415,157
India,Assam,Byrnihat,"Central Academy for SFS, Byrnihat - PCBA","18-02-2026 16:00:00",26.071318,91.87488,PM2.5,87,290,129
India,Assam,Byrnihat,"Central Academy for SFS, Byrnihat - PCBA","18-02-2026 16:00:00",26.071318,91.87488,PM10,65,131,83
India,Assam,Guwahati,"Pan Bazaar, Guwahati - PCBA","18-02-2026 16:00:00",26.187500,91.744194,PM2.5,68,255,116
India,Assam,Guwahati,"Pan Bazaar, Guwahati - PCBA","18-02-2026 16:00:00",26.187500,91.744194,PM10,50,135,89
India,Bihar,Araria,"Kharahiya Basti, Araria - BSPCB","18-02-2026 16:00:00",26.146529,87.454184,PM10,46,157,82
India,Bihar,Arrah,"New DM Office, Arrah - BSPCB","18-02-2026 16:00:00",25.5626095,84.663264,NO2,4,8,7
India,Bihar,Arrah,"New DM Office, Arrah - BSPCB","18-02-2026 16:00:00",25.5626095,84.663264,SO2,8,11,10
India,Bihar,Begusarai,"Lohiyanagar, Begusarai - BSPCB","18-02-2026 16:00:00",25.42742023,86.13886079,PM2.5,43,227,136
India,Bihar,Begusarai,"Lohiyanagar, Begusarai - BSPCB","18-02-2026 16:00:00",25.42742023,86.13886079,NO2,5,38,10
India,Andhra_Pradesh,Vijayawada,"HB Colony, Vijayawada - APPCB","18-02-2026 16:00:00",16.536107,80.594233,PM2.5,49,174,76
India,Andhra_Pradesh,Vijayawada,"HB Colony, Vijayawada - APPCB","18-02-2026 16:00:00",16.536107,80.594233,PM10,45,129,71
India,Andhra_Pradesh,Vijayawada,"Kanuru, Vijayawada - APPCB","18-02-2026 16:00:00",16.486692,80.699436,PM10,53,134,72
India,Andhra_Pradesh,Vijayawada,"Kanuru, Vijayawada - APPCB","18-02-2026 16:00:00",16.486692,80.699436,NH3,4,5,4
India,Andhra_Pradesh,Vijayawada,"Rajiv Nagar, Vijayawada - APPCB","18-02-2026 16:00:00",16.554731,80.649110,PM2.5,NA,NA,NA
India,Andhra_Pradesh,Amaravati,"Secretariat, Amaravati - APPCB","18-02-2026 16:00:00",16.5150833,80.5181667,PM10,106,165,128
India,Andhra_Pradesh,Amaravati,"Secretariat, Amaravati - APPCB","18-02-2026 16:00:00",16.5150833,80.5181667,NH3,4,6,4
India,Andhra_Pradesh,Amaravati,"Secretariat, Amaravati - APPCB","18-02-2026 16:00:00",16.5150833,80.5181667,SO2,11,20,17
India,Delhi,Delhi,"Aya Nagar, Delhi - IMD","18-02-2026 16:00:00",28.4706914,77.1099364,OZONE,5,69,17
India,Delhi,Delhi,"Bawana, Delhi - DPCC","18-02-2026 16:00:00",28.776200,77.051074,NO2,12,75,34
India,Delhi,Delhi,"Bawana, Delhi - DPCC","18-02-2026 16:00:00",28.776200,77.051074,NH3,8,11,9
India,Delhi,Delhi,"Bawana, Delhi - DPCC","18-02-2026 16:00:00",28.776200,77.051074,CO,24,108,29
India,Delhi,Delhi,"CRRI Mathura Road, Delhi - IMD","18-02-2026 16:00:00",28.5512005,77.2735737,NO2,17,47,35
India,Delhi,Delhi,"CRRI Mathura Road, Delhi - IMD","18-02-2026 16:00:00",28.5512005,77.2735737,OZONE,3,61,7
India,Delhi,Delhi,"Chandni Chowk, Delhi - IITM","18-02-2026 16:00:00",28.656756,77.227234,SO2,7,59,28
India,Delhi,Delhi,"Chandni Chowk, Delhi - IITM","18-02-2026 16:00:00",28.656756,77.227234,CO,79,167,103
India,Delhi,Delhi,"DTU, Delhi - CPCB","18-02-2026 16:00:00",28.7500499,77.1112615,PM10,33,402,183
India,Delhi,Delhi,"DTU, Delhi - CPCB","18-02-2026 16:00:00",28.7500499,77.1112615,NO2,38,49,45
India,Delhi,Delhi,"DTU, Delhi - CPCB","18-02-2026 16:00:00",28.7500499,77.1112615,CO,14,100,34
India,Bihar,Saharsa,"Police Line, Saharsa - BSPCB","18-02-2026 16:00:00",25.892357,86.590325,PM10,90,187,137
India,Bihar,Saharsa,"Police Line, Saharsa - BSPCB","18-02-2026 16:00:00",25.892357,86.590325,NH3,4,4,4
India,Bihar,Samastipur,"DM Office_Kasipur, Samastipur - BSPCB","18-02-2026 16:00:00",25.859655,85.77944,PM10,54,160,86
India,Bihar,Sasaram,"Dada Peer, Sasaram - BSPCB","18-02-2026 16:00:00",24.952822,84.002396,PM2.5,NA,NA,NA
India,Bihar,Sasaram,"Dada Peer, Sasaram - BSPCB","18-02-2026 16:00:00",24.952822,84.002396,PM10,NA,NA,NA
India,Bihar,Siwan,"Chitragupta Nagar, Siwan - BSPCB","18-02-2026 16:00:00",26.2271665,84.3570427,NH3,1,1,1
India,Bihar,Siwan,"Chitragupta Nagar, Siwan - BSPCB","18-02-2026 16:00:00",26.2271665,84.3570427,SO2,8,9,8
India,Chandigarh,Chandigarh,"Sector 22, Chandigarh - CPCC","18-02-2026 16:00:00",30.735567,76.775714,PM10,24,208,76
India,Chandigarh,Chandigarh,"Sector 22, Chandigarh - CPCC","18-02-2026 16:00:00",30.735567,76.775714,NO2,7,47,21
India,Bihar,Patna,"IGSC Planetarium Complex, Patna - BSPCB","18-02-2026 16:00:00",25.610369,85.132568,OZONE,29,29,29
India,Bihar,Patna,"Muradpur, Patna - BSPCB","18-02-2026 16:00:00",25.619651,85.147382,NO2,9,12,11
India,Bihar,Patna,"Rajbansi Nagar, Patna - BSPCB","18-02-2026 16:00:00",25.599486,85.113666,PM10,103,145,126
India,Bihar,Patna,"Rajbansi Nagar, Patna - BSPCB","18-02-2026 16:00:00",25.599486,85.113666,NH3,2,5,4
India,Bihar,Patna,"Rajbansi Nagar, Patna - BSPCB","18-02-2026 16:00:00",25.599486,85.113666,CO,34,119,43
India,Bihar,Patna,"Samanpura, Patna - BSPCB","18-02-2026 16:00:00",25.596727,85.085624,OZONE,20,143,64
India,Bihar,Purnia,"Mariam Nagar, Purnia - BSPCB","18-02-2026 16:00:00",25.366336,87.117468,OZONE,5,48,15
India,Chhattisgarh,Raipur,"AIIMS, Raipur - CECB","18-02-2026 16:00:00",21.258815,81.578979,CO,18,80,42
India,Chhattisgarh,Raipur,"AIIMS, Raipur - CECB","18-02-2026 16:00:00",21.258815,81.578979,OZONE,1,15,8
India,Chhattisgarh,Raipur,"Bhatagaon New ISBT, Raipur - CECB","18-02-2026 16:00:00",21.219665,81.630094,NH3,2,2,2
India,Chhattisgarh,Raipur,"Krishak Nagar, Raipur - CECB","18-02-2026 16:00:00",21.237755,81.705301,OZONE,6,29,15
India,Chhattisgarh,Tumidih,"OP Jindal Industrial Park, Tumidih - CECB","18-02-2026 16:00:00",22.06631475,83.33820077,NO2,NA,NA,NA
India,Chhattisgarh,Korba,"Urja Nagar, Korba - CECB","18-02-2026 16:00:00",22.348441,82.549611,PM10,44,419,100
India,Chhattisgarh,Korba,"Urja Nagar, Korba - CECB","18-02-2026 16:00:00",22.348441,82.549611,NO2,16,23,19
India,Chhattisgarh,Kunjemura,"OP Jindal School, Kunjemura - CECB","18-02-2026 16:00:00",22.126650,83.483212,PM2.5,20,64,48
India,Chhattisgarh,Kunjemura,"OP Jindal School, Kunjemura - CECB","18-02-2026 16:00:00",22.126650,83.483212,NO2,12,62,38
India,Chhattisgarh,Milupara,"Govt. Higher Secondary School, Milupara - CECB","18-02-2026 16:00:00",22.1910172,83.5197009,NH3,1,3,2
India,Delhi,Delhi,"Anand Vihar, Delhi - DPCC","18-02-2026 16:00:00",28.647622,77.3158090,CO,60,130,81
India,Delhi,Delhi,"Ashok Vihar, Delhi - DPCC","18-02-2026 16:00:00",28.695381,77.181665,PM10,68,439,237
India,Delhi,Delhi,"Ashok Vihar, Delhi - DPCC","18-02-2026 16:00:00",28.695381,77.181665,OZONE,3,92,24
India,Chhattisgarh,Bilaspur,"Mangala, Bilaspur - NTPC","18-02-2026 16:00:00",22.08815,82.13737,SO2,7,33,16
India,Chhattisgarh,Chhal,"Nawapara SECL Colony, Chhal - CECB","18-02-2026 16:00:00",22.118125,83.140608,PM10,32,91,56
India,Chhattisgarh,Chhal,"Nawapara SECL Colony, Chhal - CECB","18-02-2026 16:00:00",22.118125,83.140608,SO2,1,50,9
India,Chhattisgarh,Chhal,"Nawapara SECL Colony, Chhal - CECB","18-02-2026 16:00:00",22.118125,83.140608,OZONE,8,80,44
India,Chandigarh,Chandigarh,"Sector-53, Chandigarh - CPCC","18-02-2026 16:00:00",30.719859,76.738637,OZONE,1,86,19
India,Delhi,Delhi,"Dr. Karni Singh Shooting Range, Delhi - DPCC","18-02-2026 16:00:00",28.498571,77.264840,NO2,12,104,71
India,Delhi,Delhi,"Dwarka-Sector 8, Delhi - DPCC ","18-02-2026 16:00:00",28.5710274,77.0719006,PM10,46,299,166
India,Delhi,Delhi,"IGI Airport (T3), Delhi - IMD","18-02-2026 16:00:00",28.5627763,77.1180053,NO2,41,100,73
India,Delhi,Delhi,"IGI Airport (T3), Delhi - IMD","18-02-2026 16:00:00",28.5627763,77.1180053,OZONE,2,36,12
India,Delhi,Delhi,"IHBAS, Dilshad Garden, Delhi - CPCB","18-02-2026 16:00:00",28.6811736,77.3025234,NO2,4,116,70
India,Delhi,Delhi,"IHBAS, Dilshad Garden, Delhi - CPCB","18-02-2026 16:00:00",28.6811736,77.3025234,SO2,3,21,11
India,Delhi,Delhi,"IIT Delhi, Delhi - IITM","18-02-2026 16:00:00",28.542460,77.191651,CO,34,110,67
India,Delhi,Delhi,"ITO, Delhi - CPCB","18-02-2026 16:00:00",28.628624,77.241060,PM10,52,175,119
India,Delhi,Delhi,"Sonia Vihar, Delhi - DPCC","18-02-2026 16:00:00",28.710508,77.249485,PM2.5,57,380,247
India,Delhi,Delhi,"Sonia Vihar, Delhi - DPCC","18-02-2026 16:00:00",28.710508,77.249485,NO2,22,84,46
India,Delhi,Delhi,"Sri Aurobindo Marg, Delhi - DPCC","18-02-2026 16:00:00",28.531346,77.190156,CO,22,102,53
India,Delhi,Delhi,"Sri Aurobindo Marg, Delhi - DPCC","18-02-2026 16:00:00",28.531346,77.190156,OZONE,2,81,18
India,Delhi,Delhi,"Vivek Vihar, Delhi - DPCC","18-02-2026 16:00:00",28.672342,77.315260,CO,24,108,45
India,Delhi,Delhi,"Vivek Vihar, Delhi - DPCC","18-02-2026 16:00:00",28.672342,77.315260,OZONE,4,62,10
India,Delhi,Delhi,"Wazirpur, Delhi - DPCC","18-02-2026 16:00:00",28.699793,77.165453,PM10,81,489,290
India,Delhi,Delhi,"Wazirpur, Delhi - DPCC","18-02-2026 16:00:00",28.699793,77.165453,NH3,8,12,11
India,Delhi,Delhi,"Wazirpur, Delhi - DPCC","18-02-2026 16:00:00",28.699793,77.165453,SO2,2,13,9
India,Delhi,Delhi,"Punjabi Bagh, Delhi - DPCC","18-02-2026 16:00:00",28.674045,77.131023,CO,36,111,46
India,Delhi,Delhi,"Pusa, Delhi - DPCC","18-02-2026 16:00:00",28.639652,77.146275,PM10,83,350,153
India,Delhi,Delhi,"Pusa, Delhi - DPCC","18-02-2026 16:00:00",28.639652,77.146275,SO2,4,18,12
India,Delhi,Delhi,"R K Puram, Delhi - DPCC","18-02-2026 16:00:00",28.563262,77.186937,SO2,9,35,22
India,Delhi,Delhi,"R K Puram, Delhi - DPCC","18-02-2026 16:00:00",28.563262,77.186937,CO,28,131,63
India,Delhi,Delhi,"Rohini, Delhi - DPCC","18-02-2026 16:00:00",28.732528,77.119920,PM2.5,73,416,224
India,Delhi,Delhi,"Shadipur, Delhi - CPCB","18-02-2026 16:00:00",28.6514781,77.1473105,PM10,59,276,180
India,Delhi,Delhi,"Shadipur, Delhi - CPCB","18-02-2026 16:00:00",28.6514781,77.1473105,NO2,58,180,99
India,Delhi,Delhi,"Nehru Nagar, Delhi - DPCC","18-02-2026 16:00:00",28.567890,77.250515,CO,43,122,76
India,Delhi,Delhi,"North Campus, DU, Delhi - IMD","18-02-2026 16:00:00",28.6573814,77.1585447,CO,2,137,26
India,Delhi,Delhi,"Okhla Phase-2, Delhi - DPCC","18-02-2026 16:00:00",28.530785,77.271255,PM10,97,465,238
India,Delhi,Delhi,"Okhla Phase-2, Delhi - DPCC","18-02-2026 16:00:00",28.530785,77.271255,NH3,9,13,11
India,Delhi,Delhi,"Patparganj, Delhi - DPCC","18-02-2026 16:00:00",28.623763,77.287209,CO,12,112,41
India,Delhi,Delhi,"Mundka, Delhi - DPCC","18-02-2026 16:00:00",28.684678,77.076574,OZONE,5,87,20
India,Delhi,Delhi,"NSIT Dwarka, Delhi - CPCB","18-02-2026 16:00:00",28.60909,77.0325413,NO2,71,149,95
India,Delhi,Delhi,"NSIT Dwarka, Delhi - CPCB","18-02-2026 16:00:00",28.60909,77.0325413,OZONE,12,72,21
India,Delhi,Delhi,"Narela, Delhi - DPCC","18-02-2026 16:00:00",28.822836,77.101981,PM10,87,406,247
India,Delhi,Delhi,"Narela, Delhi - DPCC","18-02-2026 16:00:00",28.822836,77.101981,CO,31,84,38
India,Gujarat,Ahmedabad,"Chandkheda, Ahmedabad - IITM","18-02-2026 16:00:00",23.107969,72.574648,PM2.5,69,144,94
India,Gujarat,Ahmedabad,"Chandkheda, Ahmedabad - IITM","18-02-2026 16:00:00",23.107969,72.574648,CO,13,37,23
India,Gujarat,Ahmedabad,"Gyaspur, Ahmedabad - IITM","18-02-2026 16:00:00",22.977134,72.553024,CO,22,82,42
India,Delhi,Delhi,"Jawaharlal Nehru Stadium, Delhi - DPCC","18-02-2026 16:00:00",28.580280,77.233829,PM2.5,52,344,189
India,Delhi,Delhi,"Major Dhyan Chand National Stadium, Delhi - DPCC","18-02-2026 16:00:00",28.611281,77.237738,NO2,38,142,102
India,Delhi,Delhi,"Shadipur, Delhi - CPCB","18-02-2026 16:00:00",28.6514781,77.1473105,SO2,5,21,14
India,Delhi,Delhi,"Shadipur, Delhi - CPCB","18-02-2026 16:00:00",28.6514781,77.1473105,OZONE,8,55,34
India,Delhi,Delhi,"Sirifort, Delhi - CPCB","18-02-2026 16:00:00",28.5504249,77.2159377,SO2,28,44,36
India,Delhi,Delhi,"Mandir Marg, Delhi - DPCC","18-02-2026 16:00:00",28.636429,77.201067,OZONE,6,70,26
India,Haryana,Gurugram,"NISE Gwal Pahari, Gurugram - IMD","18-02-2026 16:00:00",28.422681,77.148944,CO,23,82,62
India,Haryana,Gurugram,"Sector-51, Gurugram - HSPCB","18-02-2026 16:00:00",28.4227,77.0667,NO2,1,15,9
India,Haryana,Gurugram,"Sector-51, Gurugram - HSPCB","18-02-2026 16:00:00",28.4227,77.0667,CO,15,58,43
India,Haryana,Gurugram,"Teri Gram, Gurugram - HSPCB","18-02-2026 16:00:00",28.4275,77.1465,NO2,NA,NA,NA
India,Haryana,Gurugram,"Teri Gram, Gurugram - HSPCB","18-02-2026 16:00:00",28.4275,77.1465,OZONE,28,44,36
India,Haryana,Hisar,"Urban Estate-II, Hisar - HSPCB","18-02-2026 16:00:00",29.140560,75.744941,PM2.5,16,58,36
India,Haryana,Hisar,"Urban Estate-II, Hisar - HSPCB","18-02-2026 16:00:00",29.140560,75.744941,PM10,43,90,65
India,Haryana,Hisar,"Urban Estate-II, Hisar - HSPCB","18-02-2026 16:00:00",29.140560,75.744941,SO2,6,15,10
India,Haryana,Jind,"Police Lines, Jind - HSPCB","18-02-2026 16:00:00",29.307814,76.337619,NH3,1,3,2
India,Haryana,Jind,"Police Lines, Jind - HSPCB","18-02-2026 16:00:00",29.307814,76.337619,CO,28,100,72
India,Haryana,Jind,"Police Lines, Jind - HSPCB","18-02-2026 16:00:00",29.307814,76.337619,OZONE,16,41,24
India,Haryana,Kaithal,"Rishi Nagar, Kaithal - HSPCB","18-02-2026 16:00:00",29.8006,76.4155,NO2,28,33,31
India,Haryana,Kaithal,"Rishi Nagar, Kaithal - HSPCB","18-02-2026 16:00:00",29.8006,76.4155,CO,2,68,22
India,Haryana,Karnal,"Sector-12, Karnal - HSPCB","18-02-2026 16:00:00",29.695300,77.002700,PM10,31,159,102
India,Haryana,Karnal,"Sector-12, Karnal - HSPCB","18-02-2026 16:00:00",29.695300,77.002700,OZONE,31,31,31
India,Haryana,Kurukshetra,"Sector-7, Kurukshetra - HSPCB","18-02-2026 16:00:00",29.966942,76.875879,NO2,2,21,16
India,Haryana,Mandikhera,"General Hospital, Mandikhera(Nuh) - HSPCB","18-02-2026 16:00:00",27.9002,76.9938,PM10,50,89,72
India,Haryana,Mandikhera,"General Hospital, Mandikhera(Nuh) - HSPCB","18-02-2026 16:00:00",27.9002,76.9938,NO2,20,23,22
India,Haryana,Mandikhera,"General Hospital, Mandikhera(Nuh) - HSPCB","18-02-2026 16:00:00",27.9002,76.9938,SO2,30,38,34
India,Haryana,Manesar,"Sector-2 IMT, Manesar - HSPCB","18-02-2026 16:00:00",28.360699,76.936090,PM2.5,70,263,180
India,Haryana,Manesar,"Sector-2 IMT, Manesar - HSPCB","18-02-2026 16:00:00",28.360699,76.936090,CO,10,34,27
India,Haryana,Manesar,"Sector-2 IMT, Manesar - HSPCB","18-02-2026 16:00:00",28.360699,76.936090,OZONE,4,20,15
India,Haryana,Narnaul,"Shastri Nagar, Narnaul - HSPCB","18-02-2026 16:00:00",28.060249,76.113115,NO2,52,78,63
India,Gujarat,Ahmedabad,"Rakhial, Ahmedabad - IITM","18-02-2026 16:00:00",23.016834,72.625775,OZONE,2,99,57
India,Gujarat,Ahmedabad,"SAC ISRO Satellite, Ahmedabad - IITM","18-02-2026 16:00:00",23.023389,72.515201,PM10,105,195,130
India,Gujarat,Ahmedabad,"SAC ISRO Satellite, Ahmedabad - IITM","18-02-2026 16:00:00",23.023389,72.515201,SO2,7,103,18
India,Gujarat,Ahmedabad,"SAC ISRO Satellite, Ahmedabad - IITM","18-02-2026 16:00:00",23.023389,72.515201,CO,34,89,68
India,Gujarat,Ahmedabad,"SVPI Airport Hansol, Ahmedabad - IITM","18-02-2026 16:00:00",23.076793,72.627874,NO2,12,104,53
India,Gujarat,Ahmedabad,"SVPI Airport Hansol, Ahmedabad - IITM","18-02-2026 16:00:00",23.076793,72.627874,NH3,1,5,2
India,Gujarat,Ankleshwar,"GIDC, Ankleshwar - GPCB","18-02-2026 16:00:00",21.613267,73.010555,NO2,15,18,16
India,Gujarat,Bhavnagar,"Vidhyanagar, Bhavnagar - Nexteng Enviro","18-02-2026 16:00:00",21.755417,72.139056,NH3,5,7,6
India,Gujarat,Vatva,"Phase-4 GIDC, Vatva - GPCB","18-02-2026 16:00:00",22.969611,72.643500,NO2,14,106,69
India,Haryana,Ambala,"Patti Mehar, Ambala - HSPCB","18-02-2026 16:00:00",30.379589,76.778328,PM10,82,152,116
India,Haryana,Ballabgarh,"Nathu Colony, Ballabgarh - HSPCB","18-02-2026 16:00:00",28.3419248,77.319699,PM10,116,385,234
India,Haryana,Ballabgarh,"Nathu Colony, Ballabgarh - HSPCB","18-02-2026 16:00:00",28.3419248,77.319699,CO,19,76,37
India,Haryana,Bhiwani,"H.B. Colony, Bhiwani - HSPCB","18-02-2026 16:00:00",28.806223,76.141105,SO2,2,10,5
India,Haryana,Bhiwani,"H.B. Colony, Bhiwani - HSPCB","18-02-2026 16:00:00",28.806223,76.141105,OZONE,3,16,12
India,Haryana,"Charkhi Dadri","Mini Secretariat, Charkhi Dadri - HSPCB","18-02-2026 16:00:00",28.593883,76.270653,CO,9,25,16
India,Gujarat,Rajkot,"Mavdi, Rajkot - Nexteng Enviro ","18-02-2026 16:00:00",22.248853,70.776774,OZONE,10,40,30
India,Gujarat,Surat,"Katargam, Surat - Nexteng Enviro","18-02-2026 16:00:00","21.217779 ","72.834787 ",PM2.5,41,305,115
India,Gujarat,Vadodara,"Bapunagar, Vadodara - Nexteng Enviro","18-02-2026 16:00:00",22.320153,73.216285,CO,76,123,101
India,Gujarat,Vapi,"Phase-1 GIDC, Vapi - GPCB","18-02-2026 16:00:00",20.362421,72.918013,PM2.5,29,103,55
India,Gujarat,Vapi,"Phase-1 GIDC, Vapi - GPCB","18-02-2026 16:00:00",20.362421,72.918013,PM10,26,92,49
India,Gujarat,Vapi,"Phase-1 GIDC, Vapi - GPCB","18-02-2026 16:00:00",20.362421,72.918013,OZONE,8,19,14
India,Gujarat,Vatva,"Phase-4 GIDC, Vatva - GPCB","18-02-2026 16:00:00",22.969611,72.643500,PM2.5,50,310,167
India,Haryana,Palwal,"Shyam Nagar, Palwal - HSPCB","18-02-2026 16:00:00",28.1485564,77.3320667,CO,18,50,31
India,Haryana,Panchkula,"Sector-6, Panchkula - HSPCB ","18-02-2026 16:00:00",30.7057778,76.8531805555555,CO,8,24,20
India,Haryana,Panchkula,"Sector-6, Panchkula - HSPCB ","18-02-2026 16:00:00",30.7057778,76.8531805555555,OZONE,1,5,2
India,Haryana,Panipat,"Sector-18, Panipat - HSPCB","18-02-2026 16:00:00",29.432304,76.972765,SO2,18,19,19
India,Haryana,Panipat,"Sector-18, Panipat - HSPCB","18-02-2026 16:00:00",29.432304,76.972765,OZONE,30,30,30
India,Haryana,Sirsa,"F-Block, Sirsa - HSPCB","18-02-2026 16:00:00",29.536400,75.015800,PM10,4,202,29
India,Haryana,Dharuhera,"Municipal Corporation Office, Dharuhera -  HSPCB","18-02-2026 16:00:00",28.206800,76.799700,OZONE,4,33,23
India,Haryana,Faridabad,"Sector 11, Faridabad - HSPCB","18-02-2026 16:00:00",28.376058,77.315741,NH3,10,10,10
India,Haryana,Faridabad,"Sector 11, Faridabad - HSPCB","18-02-2026 16:00:00",28.376058,77.315741,OZONE,15,16,15
India,Haryana,Faridabad,"Sector 30, Faridabad - HSPCB","18-02-2026 16:00:00",28.4417,77.3217,NO2,36,39,38
India,Haryana,Fatehabad,"Huda Sector, Fatehabad - HSPCB","18-02-2026 16:00:00",29.503664,75.467934,PM2.5,5,38,17
India,Haryana,Fatehabad,"Huda Sector, Fatehabad - HSPCB","18-02-2026 16:00:00",29.503664,75.467934,PM10,8,57,26
India,Gujarat,Gandhinagar,"GIFT City, Gandhinagar - IITM","18-02-2026 16:00:00",23.163798,72.677768,PM2.5,7,50,25
India,Gujarat,Gandhinagar,"IIPHG Lekawada, Gandhinagar - IITM","18-02-2026 16:00:00",23.243639,72.68994,NH3,5,10,7
India,Gujarat,Gandhinagar,"Sector-10, Gandhinagar - GPCB","18-02-2026 16:00:00",23.221714,72.654328,PM2.5,NA,NA,NA
India,Gujarat,Mehsana,"Sadanand Nagar, Mehsana - Nexteng Enviro","18-02-2026 16:00:00",23.593150,72.372792,NO2,26,42,35
India,Gujarat,Ahmedabad,"Maninagar, Ahmedabad - GPCB","18-02-2026 16:00:00",23.002657,72.591912,CO,13,31,22
India,Gujarat,Ahmedabad,"Rakhial, Ahmedabad - IITM","18-02-2026 16:00:00",23.016834,72.625775,PM10,112,192,148
India,Haryana,Sonipat,"Murthal, Sonipat - HSPCB","18-02-2026 16:00:00",29.027200,77.062100,NO2,12,13,12
India,Haryana,Sonipat,"Murthal, Sonipat - HSPCB","18-02-2026 16:00:00",29.027200,77.062100,NH3,11,11,11
India,Haryana,Sonipat,"Murthal, Sonipat - HSPCB","18-02-2026 16:00:00",29.027200,77.062100,SO2,7,10,8
India,Haryana,Sonipat,"Murthal, Sonipat - HSPCB","18-02-2026 16:00:00",29.027200,77.062100,CO,2,14,5
India,Haryana,"Yamuna Nagar","Gobind Pura, Yamuna Nagar - HSPCB","18-02-2026 16:00:00",30.1480566,77.2893471,SO2,10,15,12
India,Haryana,"Yamuna Nagar","Gobind Pura, Yamuna Nagar - HSPCB","18-02-2026 16:00:00",30.1480566,77.2893471,OZONE,8,33,33
India,Jammu_and_Kashmir,Pampore,"Khrew, Pampore - JKPCC","18-02-2026 16:00:00",34.031606,75.009712,NO2,19,69,37
India,Jharkhand,Dhanbad,"Sardar Patel Nagar, Dhanbad - JSPCB","18-02-2026 16:00:00",23.80569,86.44268,NO2,50,86,54
India,Jharkhand,Dhanbad,"Sardar Patel Nagar, Dhanbad - JSPCB","18-02-2026 16:00:00",23.80569,86.44268,CO,2,89,18
India,Karnataka,Bagalkot,"Vidayagiri, Bagalkot - KSPCB","18-02-2026 16:00:00",16.172806,75.659694,PM10,45,46,46
India,Karnataka,Bengaluru,"BTM Layout, Bengaluru - CPCB","18-02-2026 16:00:00",12.9135218,77.5950804,PM2.5,77,108,89
India,Karnataka,Bengaluru,"BTM Layout, Bengaluru - CPCB","18-02-2026 16:00:00",12.9135218,77.5950804,NO2,2,11,7
India,Karnataka,Bengaluru,"BTM Layout, Bengaluru - CPCB","18-02-2026 16:00:00",12.9135218,77.5950804,NH3,11,23,14
India,Karnataka,Bengaluru,"BTM Layout, Bengaluru - CPCB","18-02-2026 16:00:00",12.9135218,77.5950804,OZONE,20,21,21
India,Karnataka,Bengaluru,"Bapuji Nagar, Bengaluru - KSPCB","18-02-2026 16:00:00",12.951913,77.539784,NO2,62,143,105
India,Karnataka,Bengaluru,"Bapuji Nagar, Bengaluru - KSPCB","18-02-2026 16:00:00",12.951913,77.539784,CO,2,68,31
India,Karnataka,Bengaluru,"City Railway Station, Bengaluru - KSPCB","18-02-2026 16:00:00",12.9756843,77.5660749,CO,71,80,76
India,Karnataka,Bengaluru,"Hebbal, Bengaluru - KSPCB","18-02-2026 16:00:00",13.029152,77.585901,PM2.5,50,100,74
India,Karnataka,Bengaluru,"Hombegowda Nagar, Bengaluru - KSPCB","18-02-2026 16:00:00",12.938539,77.590100,PM10,70,111,91
India,Karnataka,Bengaluru,"Hombegowda Nagar, Bengaluru - KSPCB","18-02-2026 16:00:00",12.938539,77.590100,NO2,22,58,36
India,Karnataka,Bengaluru,"Hombegowda Nagar, Bengaluru - KSPCB","18-02-2026 16:00:00",12.938539,77.590100,OZONE,24,67,48
India,Karnataka,Bengaluru,"Jayanagar 5th Block, Bengaluru - KSPCB","18-02-2026 16:00:00",12.920984,77.584908,PM2.5,66,112,84
India,Karnataka,Bengaluru,"Jayanagar 5th Block, Bengaluru - KSPCB","18-02-2026 16:00:00",12.920984,77.584908,OZONE,38,90,51
India,Karnataka,Bengaluru,"Jigani, Bengaluru - KSPCB","18-02-2026 16:00:00",12.7816279,77.6299145,PM10,58,178,101
India,Karnataka,Bengaluru,"Jigani, Bengaluru - KSPCB","18-02-2026 16:00:00",12.7816279,77.6299145,NH3,3,4,3
India,Karnataka,Bengaluru,"Kasturi Nagar, Bengaluru - KSPCB","18-02-2026 16:00:00",13.003872,77.664217,PM10,78,84,83
India,Karnataka,Bengaluru,"Kasturi Nagar, Bengaluru - KSPCB","18-02-2026 16:00:00",13.003872,77.664217,OZONE,22,25,23
India,Karnataka,Bengaluru,"Peenya, Bengaluru - CPCB","18-02-2026 16:00:00",13.0270199,77.494094,PM10,80,109,93
India,Karnataka,Bengaluru,"RVCE-Mailasandra, Bengaluru - KSPCB","18-02-2026 16:00:00",12.921418,77.502466,NO2,24,31,31
India,Karnataka,Bengaluru,"Sanegurava Halli, Bengaluru - KSPCB","18-02-2026 16:00:00",12.990328,77.5431385,CO,18,62,28
India,Karnataka,Bengaluru,"Shivapura_Peenya, Bengaluru - KSPCB","18-02-2026 16:00:00",13.0246342,77.5080115,NH3,2,3,3
India,Karnataka,Bengaluru,"Silk Board, Bengaluru - KSPCB","18-02-2026 16:00:00",12.917348,77.622813,NH3,2,5,4
India,Karnataka,Chamarajanagar,"Urban, Chamarajanagar - KSPCB","18-02-2026 16:00:00",11.55358,76.55521,PM2.5,26,50,37
India,Karnataka,Chamarajanagar,"Urban, Chamarajanagar - KSPCB","18-02-2026 16:00:00",11.55358,76.55521,PM10,37,88,52
India,Karnataka,Chamarajanagar,"Urban, Chamarajanagar - KSPCB","18-02-2026 16:00:00",11.55358,76.55521,NO2,14,29,21
India,Karnataka,Chamarajanagar,"Urban, Chamarajanagar - KSPCB","18-02-2026 16:00:00",11.55358,76.55521,CO,12,24,23
India,Karnataka,Chikkaballapur,"Chikkaballapur Rural, Chikkaballapur - KSPCB","18-02-2026 16:00:00",13.428828,77.731418,NH3,4,7,6
India,Karnataka,Chikkaballapur,"Chikkaballapur Rural, Chikkaballapur - KSPCB","18-02-2026 16:00:00",13.428828,77.731418,SO2,15,31,20
India,Karnataka,Chikkamagaluru,"Kalyana Nagara, Chikkamagaluru - KSPCB","18-02-2026 16:00:00",13.328028,75.797056,NO2,21,29,27
India,Karnataka,Dharwad,"Kalabhavan, Dharwad - KSPCB","18-02-2026 16:00:00",15.459706,75.008381,NO2,27,30,30
India,Karnataka,Hubballi,"Lingaraj Nagar, Hubballi - KSPCB","18-02-2026 16:00:00",15.3714823,75.1160168,SO2,2,4,3
India,Karnataka,Kalaburagi,"Mahatma Basaveswar Colony, Kalaburgi - KSPCB","18-02-2026 16:00:00",17.336318,76.847397,PM2.5,20,59,46
India,Karnataka,Kalaburagi,"Mahatma Basaveswar Colony, Kalaburgi - KSPCB","18-02-2026 16:00:00",17.336318,76.847397,NO2,12,19,15
India,Karnataka,Kalaburagi,"Mahatma Basaveswar Colony, Kalaburgi - KSPCB","18-02-2026 16:00:00",17.336318,76.847397,NH3,3,4,3
India,Karnataka,Madikeri,"Stuart Hill, Madikeri - KSPCB","18-02-2026 16:00:00",12.415911,75.735050,CO,8,22,14
India,Karnataka,Madikeri,"Stuart Hill, Madikeri - KSPCB","18-02-2026 16:00:00",12.415911,75.735050,OZONE,2,6,3
India,Karnataka,Mysuru,"Hebbal 1st Stage, Mysuru - KSPCB","18-02-2026 16:00:00",12.21041,76.37376,NH3,4,6,5
India,Karnataka,Mysuru,"Hebbal 1st Stage, Mysuru - KSPCB","18-02-2026 16:00:00",12.21041,76.37376,OZONE,3,102,56
India,Karnataka,Ramanagara,"Vijay Nagar, Ramanagara - KSPCB","18-02-2026 16:00:00",12.733409,77.298051,NH3,3,3,3
India,Karnataka,Shivamogga,"Vinoba Nagara, Shivamogga - KSPCB","18-02-2026 16:00:00",13.940000,75.555917,NO2,6,24,21
India,Bihar,Manguraha,"Forest Rest House, Manguraha - BSPCB","18-02-2026 16:00:00",27.308328,84.531742,SO2,16,17,17
India,Bihar,Motihari,"Gandak Colony, Motihari - BSPCB","18-02-2026 16:00:00",26.63086,84.90051,NO2,7,12,9
India,Bihar,Motihari,"Gandak Colony, Motihari - BSPCB","18-02-2026 16:00:00",26.63086,84.90051,SO2,3,3,3
India,Bihar,Motihari,"Gandak Colony, Motihari - BSPCB","18-02-2026 16:00:00",26.63086,84.90051,CO,30,53,35
India,Bihar,Motihari,"Gandak Colony, Motihari - BSPCB","18-02-2026 16:00:00",26.63086,84.90051,OZONE,3,5,5
India,Bihar,Munger,"Town Hall, Munger - BSPCB","18-02-2026 16:00:00",25.376776,86.471523,NO2,4,5,5
India,Bihar,Muzaffarpur,"Buddha Colony, Muzaffarpur - BSPCB","18-02-2026 16:00:00",26.11442,85.39813,NH3,4,12,9
India,Bihar,Muzaffarpur,"Buddha Colony, Muzaffarpur - BSPCB","18-02-2026 16:00:00",26.11442,85.39813,CO,28,70,36
India,Bihar,Muzaffarpur,"MIT-Daudpur Kothi, Muzaffarpur - BSPCB","18-02-2026 16:00:00",26.1403345,85.3650192,PM10,70,76,74
India,Bihar,Muzaffarpur,"MIT-Daudpur Kothi, Muzaffarpur - BSPCB","18-02-2026 16:00:00",26.1403345,85.3650192,OZONE,32,77,57
India,Bihar,Muzaffarpur,"Muzaffarpur Collectorate, Muzaffarpur - BSPCB","18-02-2026 16:00:00",26.1209,85.3647,NO2,10,23,12
India,Bihar,Muzaffarpur,"Muzaffarpur Collectorate, Muzaffarpur - BSPCB","18-02-2026 16:00:00",26.1209,85.3647,SO2,5,9,6
India,Bihar,Arrah,"New DM Office, Arrah - BSPCB","18-02-2026 16:00:00",25.5626095,84.663264,NH3,2,2,2
India,Bihar,Aurangabad,"Gurdeo Nagar, Aurangabad - BSPCB","18-02-2026 16:00:00",24.75746,84.366208,PM10,12,136,79
India,Bihar,Aurangabad,"Gurdeo Nagar, Aurangabad - BSPCB","18-02-2026 16:00:00",24.75746,84.366208,SO2,3,16,10
India,Bihar,Aurangabad,"Gurdeo Nagar, Aurangabad - BSPCB","18-02-2026 16:00:00",24.75746,84.366208,OZONE,2,70,45
India,Bihar,Bettiah,"Kamalnath Nagar, Bettiah - BSPCB","18-02-2026 16:00:00",26.80365,84.51954,SO2,10,28,16
India,Bihar,Bhagalpur,"DM Office_Kachari Chowk, Bhagalpur - BSPCB","18-02-2026 16:00:00",25.251013,86.989001,PM2.5,67,230,110
India,Bihar,Bhagalpur,"DM Office_Kachari Chowk, Bhagalpur - BSPCB","18-02-2026 16:00:00",25.251013,86.989001,PM10,69,151,103
India,Bihar,Bhagalpur,"DM Office_Kachari Chowk, Bhagalpur - BSPCB","18-02-2026 16:00:00",25.251013,86.989001,NO2,4,12,9
India,Bihar,Bhagalpur,"DM Office_Kachari Chowk, Bhagalpur - BSPCB","18-02-2026 16:00:00",25.251013,86.989001,CO,8,26,16
India,Bihar,Gaya,"Kareemganj, Gaya - BSPCB","18-02-2026 16:00:00",24.792403,84.992416,SO2,41,46,44
India,Bihar,Gaya,"SFTI Kusdihra, Gaya - BSPCB","18-02-2026 16:00:00",24.762518,84.982348,SO2,6,8,7
India,Bihar,Gaya,"SFTI Kusdihra, Gaya - BSPCB","18-02-2026 16:00:00",24.762518,84.982348,CO,20,58,23
India,Bihar,Hajipur,"Industrial Area, Hajipur - BSPCB","18-02-2026 16:00:00",25.697189,85.245900,PM10,44,195,118
India,Bihar,Hajipur,"Industrial Area, Hajipur - BSPCB","18-02-2026 16:00:00",25.697189,85.245900,SO2,7,10,8
India,Bihar,Katihar,"Mirchaibari, Katihar - BSPCB","18-02-2026 16:00:00",25.560083,87.553265,CO,62,102,94
India,Bihar,Katihar,"Mirchaibari, Katihar - BSPCB","18-02-2026 16:00:00",25.560083,87.553265,OZONE,4,19,14
India,Bihar,Kishanganj,"SDM Office_Khagra, Kishanganj - BSPCB","18-02-2026 16:00:00",26.0881305,87.93840336,NH3,3,3,3
India,Assam,Byrnihat,"Central Academy for SFS, Byrnihat - PCBA","18-02-2026 16:00:00",26.071318,91.87488,CO,34,84,57
India,Assam,Guwahati,"LGBI Airport, Guwahati - PCBA","18-02-2026 16:00:00",26.10887,91.589544,CO,4,110,38
India,Assam,Guwahati,"Pan Bazaar, Guwahati - PCBA","18-02-2026 16:00:00",26.187500,91.744194,OZONE,12,20,17
India,Assam,Guwahati,"Railway Colony, Guwahati - PCBA","18-02-2026 16:00:00",26.181742,91.78063,CO,2,22,4
India,Assam,Nagaon,"Christianpatty, Nagaon - PCBA","18-02-2026 16:00:00",26.349082,92.68449,PM10,80,139,108
India,Assam,Nalbari,"Bata Chowk, Nalbari - PCBA","18-02-2026 16:00:00",26.446912,91.439057,PM2.5,NA,NA,NA
India,Assam,Nalbari,"Bata Chowk, Nalbari - PCBA","18-02-2026 16:00:00",26.446912,91.439057,NH3,NA,NA,NA
India,Andhra_Pradesh,Rajamahendravaram,"Anand Kala Kshetram, Rajamahendravaram - APPCB","18-02-2026 16:00:00",16.9872867,81.7363176,NO2,15,44,28
India,Andhra_Pradesh,Rajamahendravaram,"Anand Kala Kshetram, Rajamahendravaram - APPCB","18-02-2026 16:00:00",16.9872867,81.7363176,NH3,5,7,6
India,Andhra_Pradesh,Rajamahendravaram,"Anand Kala Kshetram, Rajamahendravaram - APPCB","18-02-2026 16:00:00",16.9872867,81.7363176,CO,28,58,34
India,Andhra_Pradesh,Tirumala,"Toll Gate, Tirumala - APPCB","18-02-2026 16:00:00",13.67,79.35,PM2.5,75,105,89
India,Andhra_Pradesh,Tirumala,"Toll Gate, Tirumala - APPCB","18-02-2026 16:00:00",13.67,79.35,OZONE,31,87,55
India,Andhra_Pradesh,Tirupati,"Vaikuntapuram, Tirupati - APPCB","18-02-2026 16:00:00",13.615387,79.409230,PM10,NA,NA,NA
India,Andhra_Pradesh,Vijayawada,"Kanuru, Vijayawada - APPCB","18-02-2026 16:00:00",16.486692,80.699436,PM2.5,57,220,80
India,Andhra_Pradesh,Vijayawada,"Rajiv Gandhi Park, Vijayawada - APPCB","18-02-2026 16:00:00",16.509717,80.612222,OZONE,5,34,24
India,Andhra_Pradesh,Vijayawada,"Rajiv Nagar, Vijayawada - APPCB","18-02-2026 16:00:00",16.554731,80.649110,NH3,NA,NA,NA
India,Andhra_Pradesh,Vijayawada,"Rajiv Nagar, Vijayawada - APPCB","18-02-2026 16:00:00",16.554731,80.649110,SO2,NA,NA,NA
India,Andhra_Pradesh,Visakhapatnam,"GVM Corporation, Visakhapatnam - APPCB","18-02-2026 16:00:00",17.72,83.3,NH3,4,4,4
India,Assam,Byrnihat,"Central Academy for SFS, Byrnihat - PCBA","18-02-2026 16:00:00",26.071318,91.87488,SO2,32,32,32
India,Bihar,Muzaffarpur,"Muzaffarpur Collectorate, Muzaffarpur - BSPCB","18-02-2026 16:00:00",26.1209,85.3647,OZONE,8,21,16
India,Bihar,Patna,"Govt. High School Shikarpur, Patna - BSPCB","18-02-2026 16:00:00",25.592539,85.227158,SO2,2,6,5
India,Bihar,Patna,"IGSC Planetarium Complex, Patna - BSPCB","18-02-2026 16:00:00",25.610369,85.132568,SO2,9,17,14
India,Bihar,Patna,"IGSC Planetarium Complex, Patna - BSPCB","18-02-2026 16:00:00",25.610369,85.132568,CO,19,33,30
India,Bihar,Patna,"Muradpur, Patna - BSPCB","18-02-2026 16:00:00",25.619651,85.147382,PM10,101,183,144
India,Bihar,"Bihar Sharif","D M Colony, Bihar Sharif - BSPCB","18-02-2026 16:00:00",25.204762,85.514960,PM10,41,98,66
India,Bihar,"Bihar Sharif","D M Colony, Bihar Sharif - BSPCB","18-02-2026 16:00:00",25.204762,85.514960,SO2,8,10,10
India,Bihar,Chhapra,"Darshan Nagar, Chhapra - BSPCB","18-02-2026 16:00:00",25.7808257,84.7446768,SO2,NA,NA,NA
India,Bihar,Chhapra,"Darshan Nagar, Chhapra - BSPCB","18-02-2026 16:00:00",25.7808257,84.7446768,OZONE,NA,NA,NA
India,Bihar,Gaya,"Collectorate, Gaya - BSPCB","18-02-2026 16:00:00",24.7955,84.9994,PM2.5,46,312,168
India,Bihar,Gaya,"Collectorate, Gaya - BSPCB","18-02-2026 16:00:00",24.7955,84.9994,NO2,8,10,9
India,Assam,Sivasagar,"Girls College, Sivasagar - PCBA","18-02-2026 16:00:00",26.987634,94.636574,CO,18,106,28
India,Assam,Sivasagar,"Girls College, Sivasagar - PCBA","18-02-2026 16:00:00",26.987634,94.636574,OZONE,3,122,79
India,Bihar,Araria,"Kharahiya Basti, Araria - BSPCB","18-02-2026 16:00:00",26.146529,87.454184,CO,5,84,32
India,Bihar,Arrah,"New DM Office, Arrah - BSPCB","18-02-2026 16:00:00",25.5626095,84.663264,PM10,42,111,70
India,Andhra_Pradesh,Anantapur,"Gulzarpet, Anantapur - APPCB","18-02-2026 16:00:00",14.675886,77.593027,NO2,18,23,22
India,Andhra_Pradesh,Anantapur,"Gulzarpet, Anantapur - APPCB","18-02-2026 16:00:00",14.675886,77.593027,CO,20,44,33
India,Andhra_Pradesh,Kadapa,"Yerramukkapalli, Kadapa - APPCB","18-02-2026 16:00:00",14.465052,78.824187,PM2.5,47,74,59
India,Bihar,Patna,"Samanpura, Patna - BSPCB","18-02-2026 16:00:00",25.596727,85.085624,SO2,3,4,4
India,Bihar,Purnia,"Mariam Nagar, Purnia - BSPCB","18-02-2026 16:00:00",25.366336,87.117468,PM2.5,77,137,100
India,Bihar,Purnia,"Mariam Nagar, Purnia - BSPCB","18-02-2026 16:00:00",25.366336,87.117468,NO2,5,7,6
India,Bihar,Purnia,"Mariam Nagar, Purnia - BSPCB","18-02-2026 16:00:00",25.366336,87.117468,CO,50,88,73
India,Bihar,Rajgir,"Dangi Tola, Rajgir - BSPCB","18-02-2026 16:00:00",25.03280,85.41948,PM2.5,NA,NA,NA
India,Bihar,Rajgir,"Dangi Tola, Rajgir - BSPCB","18-02-2026 16:00:00",25.03280,85.41948,CO,40,47,43
India,Bihar,Saharsa,"Police Line, Saharsa - BSPCB","18-02-2026 16:00:00",25.892357,86.590325,OZONE,7,11,10
India,Bihar,Sasaram,"Dada Peer, Sasaram - BSPCB","18-02-2026 16:00:00",24.952822,84.002396,NO2,NA,NA,NA
India,Bihar,Sasaram,"Dada Peer, Sasaram - BSPCB","18-02-2026 16:00:00",24.952822,84.002396,NH3,NA,NA,NA
India,Chhattisgarh,Kunjemura,"OP Jindal School, Kunjemura - CECB","18-02-2026 16:00:00",22.126650,83.483212,NH3,2,2,2
India,Chhattisgarh,Kunjemura,"OP Jindal School, Kunjemura - CECB","18-02-2026 16:00:00",22.126650,83.483212,CO,22,55,30
India,Chhattisgarh,Kunjemura,"OP Jindal School, Kunjemura - CECB","18-02-2026 16:00:00",22.126650,83.483212,OZONE,1,80,54
India,Chhattisgarh,Raipur,"AIIMS, Raipur - CECB","18-02-2026 16:00:00",21.258815,81.578979,PM10,28,164,89
India,Chhattisgarh,Raipur,"AIIMS, Raipur - CECB","18-02-2026 16:00:00",21.258815,81.578979,SO2,4,15,7
India,Chhattisgarh,Raipur,"Bhatagaon New ISBT, Raipur - CECB","18-02-2026 16:00:00",21.219665,81.630094,CO,20,114,41
India,Chhattisgarh,Raipur,"Bhatagaon New ISBT, Raipur - CECB","18-02-2026 16:00:00",21.219665,81.630094,OZONE,2,16,9
India,Chhattisgarh,Raipur,"Krishak Nagar, Raipur - CECB","18-02-2026 16:00:00",21.237755,81.705301,PM10,38,78,61
India,Chhattisgarh,Raipur,"Siltara Phase-II, Raipur - CECB","18-02-2026 16:00:00",21.371751,81.664929,NO2,11,30,20
India,Delhi,Delhi,"Anand Vihar, Delhi - DPCC","18-02-2026 16:00:00",28.647622,77.3158090,SO2,3,26,16
India,Delhi,Delhi,"Ashok Vihar, Delhi - DPCC","18-02-2026 16:00:00",28.695381,77.181665,PM2.5,33,425,237
India,Delhi,Delhi,"Ashok Vihar, Delhi - DPCC","18-02-2026 16:00:00",28.695381,77.181665,NO2,28,139,83
India,Delhi,Delhi,"Ashok Vihar, Delhi - DPCC","18-02-2026 16:00:00",28.695381,77.181665,NH3,7,9,8
India,Delhi,Delhi,"Ashok Vihar, Delhi - DPCC","18-02-2026 16:00:00",28.695381,77.181665,CO,3,116,17
India,Delhi,Delhi,"Aya Nagar, Delhi - IMD","18-02-2026 16:00:00",28.4706914,77.1099364,PM2.5,34,315,167
India,Delhi,Delhi,"Aya Nagar, Delhi - IMD","18-02-2026 16:00:00",28.4706914,77.1099364,CO,24,81,52
India,Delhi,Delhi,"CRRI Mathura Road, Delhi - IMD","18-02-2026 16:00:00",28.5512005,77.2735737,PM2.5,43,332,195
India,Delhi,Delhi,"Chandni Chowk, Delhi - IITM","18-02-2026 16:00:00",28.656756,77.227234,PM2.5,76,362,237
India,Delhi,Delhi,"Chandni Chowk, Delhi - IITM","18-02-2026 16:00:00",28.656756,77.227234,OZONE,2,75,34
India,Delhi,Delhi,"Dr. Karni Singh Shooting Range, Delhi - DPCC","18-02-2026 16:00:00",28.498571,77.264840,NH3,8,12,10
India,Delhi,Delhi,"Dr. Karni Singh Shooting Range, Delhi - DPCC","18-02-2026 16:00:00",28.498571,77.264840,CO,2,66,35
India,Delhi,Delhi,"Dwarka-Sector 8, Delhi - DPCC ","18-02-2026 16:00:00",28.5710274,77.0719006,NO2,47,144,95
India,Delhi,Delhi,"Dwarka-Sector 8, Delhi - DPCC ","18-02-2026 16:00:00",28.5710274,77.0719006,SO2,13,32,20
India,Delhi,Delhi,"IHBAS, Dilshad Garden, Delhi - CPCB","18-02-2026 16:00:00",28.6811736,77.3025234,PM2.5,74,286,185
India,Chhattisgarh,Chhal,"Nawapara SECL Colony, Chhal - CECB","18-02-2026 16:00:00",22.118125,83.140608,CO,19,44,29
India,Chhattisgarh,Korba,"Rampur, Korba - CECB","18-02-2026 16:00:00",22.368195,82.746431,PM2.5,11,40,23
India,Chhattisgarh,Korba,"Rampur, Korba - CECB","18-02-2026 16:00:00",22.368195,82.746431,NO2,4,15,9
India,Chhattisgarh,Korba,"Urja Nagar, Korba - CECB","18-02-2026 16:00:00",22.348441,82.549611,OZONE,12,26,25
India,Chandigarh,Chandigarh,"Sector 22, Chandigarh - CPCC","18-02-2026 16:00:00",30.735567,76.775714,OZONE,5,144,60
India,Chandigarh,Chandigarh,"Sector-25, Chandigarh - CPCC","18-02-2026 16:00:00",30.751462,76.762879,PM2.5,70,167,105
India,Chandigarh,Chandigarh,"Sector-25, Chandigarh - CPCC","18-02-2026 16:00:00",30.751462,76.762879,PM10,72,144,109
India,Chandigarh,Chandigarh,"Sector-25, Chandigarh - CPCC","18-02-2026 16:00:00",30.751462,76.762879,SO2,3,13,6
India,Chhattisgarh,Bhilai,"32Bungalows, Bhilai - CECB","18-02-2026 16:00:00",21.194815,81.314770,NH3,1,2,2
India,Chhattisgarh,Bilaspur,"Mangala, Bilaspur - NTPC","18-02-2026 16:00:00",22.08815,82.13737,PM2.5,38,101,67
India,Chhattisgarh,Bilaspur,"Mangala, Bilaspur - NTPC","18-02-2026 16:00:00",22.08815,82.13737,NO2,25,92,37
India,Chhattisgarh,Chhal,"Nawapara SECL Colony, Chhal - CECB","18-02-2026 16:00:00",22.118125,83.140608,NO2,8,22,12
India,Chhattisgarh,Raipur,"Siltara Phase-II, Raipur - CECB","18-02-2026 16:00:00",21.371751,81.664929,OZONE,1,2,1
India,Delhi,Delhi,"Alipur, Delhi - DPCC","18-02-2026 16:00:00",28.815329,77.153010,OZONE,3,58,17
India,Delhi,Delhi,"Major Dhyan Chand National Stadium, Delhi - DPCC","18-02-2026 16:00:00",28.611281,77.237738,CO,14,126,36
India,Delhi,Delhi,"Major Dhyan Chand National Stadium, Delhi - DPCC","18-02-2026 16:00:00",28.611281,77.237738,OZONE,1,99,19
India,Delhi,Delhi,"Mundka, Delhi - DPCC","18-02-2026 16:00:00",28.684678,77.076574,NO2,67,145,95
India,Delhi,Delhi,"Mundka, Delhi - DPCC","18-02-2026 16:00:00",28.684678,77.076574,NH3,9,16,13
India,Delhi,Delhi,"Mundka, Delhi - DPCC","18-02-2026 16:00:00",28.684678,77.076574,CO,32,115,43
India,Delhi,Delhi,"NSIT Dwarka, Delhi - CPCB","18-02-2026 16:00:00",28.60909,77.0325413,PM2.5,123,332,170
India,Delhi,Delhi,"NSIT Dwarka, Delhi - CPCB","18-02-2026 16:00:00",28.60909,77.0325413,PM10,74,185,145
India,Delhi,Delhi,"Najafgarh, Delhi - DPCC","18-02-2026 16:00:00",28.570173,76.933762,PM10,35,166,105
India,Delhi,Delhi,"Najafgarh, Delhi - DPCC","18-02-2026 16:00:00",28.570173,76.933762,NO2,92,137,113
India,Delhi,Delhi,"Najafgarh, Delhi - DPCC","18-02-2026 16:00:00",28.570173,76.933762,CO,10,113,18
India,Delhi,Delhi,"Najafgarh, Delhi - DPCC","18-02-2026 16:00:00",28.570173,76.933762,OZONE,4,128,54
India,Delhi,Delhi,"Pusa, Delhi - DPCC","18-02-2026 16:00:00",28.639652,77.146275,PM2.5,60,390,161
India,Delhi,Delhi,"Pusa, Delhi - DPCC","18-02-2026 16:00:00",28.639652,77.146275,NH3,7,28,16
India,Delhi,Delhi,"Pusa, Delhi - IMD","18-02-2026 16:00:00",28.636110,77.173332,PM2.5,46,318,133
India,Delhi,Delhi,"Pusa, Delhi - IMD","18-02-2026 16:00:00",28.636110,77.173332,NO2,79,189,130
India,Delhi,Delhi,"R K Puram, Delhi - DPCC","18-02-2026 16:00:00",28.563262,77.186937,PM10,90,355,187
India,Delhi,Delhi,"R K Puram, Delhi - DPCC","18-02-2026 16:00:00",28.563262,77.186937,NO2,27,102,65
India,Delhi,Delhi,"Rohini, Delhi - DPCC","18-02-2026 16:00:00",28.732528,77.119920,PM10,64,475,251
India,Delhi,Delhi,"Rohini, Delhi - DPCC","18-02-2026 16:00:00",28.732528,77.119920,NO2,25,113,62
India,Delhi,Delhi,"IHBAS, Dilshad Garden, Delhi - CPCB","18-02-2026 16:00:00",28.6811736,77.3025234,OZONE,26,34,27
India,Delhi,Delhi,"Jahangirpuri, Delhi - DPCC","18-02-2026 16:00:00",28.732820,77.170633,NH3,16,53,36
India,Delhi,Delhi,"Jawaharlal Nehru Stadium, Delhi - DPCC","18-02-2026 16:00:00",28.580280,77.233829,PM10,73,251,177
India,Delhi,Delhi,"Jawaharlal Nehru Stadium, Delhi - DPCC","18-02-2026 16:00:00",28.580280,77.233829,NH3,14,20,16
India,Delhi,Delhi,"Jawaharlal Nehru Stadium, Delhi - DPCC","18-02-2026 16:00:00",28.580280,77.233829,SO2,4,20,13
India,Delhi,Delhi,"Lodhi Road, Delhi - IMD","18-02-2026 16:00:00",28.5918245,77.2273074,CO,20,104,75
India,Delhi,Delhi,"Wazirpur, Delhi - DPCC","18-02-2026 16:00:00",28.699793,77.165453,OZONE,18,23,19
India,Gujarat,Ahmedabad,"Gyaspur, Ahmedabad - IITM","18-02-2026 16:00:00",22.977134,72.553024,PM2.5,74,326,169
India,Gujarat,Ahmedabad,"Gyaspur, Ahmedabad - IITM","18-02-2026 16:00:00",22.977134,72.553024,NO2,39,142,94
India,Gujarat,Ahmedabad,"Gyaspur, Ahmedabad - IITM","18-02-2026 16:00:00",22.977134,72.553024,NH3,4,44,16
India,Gujarat,Ahmedabad,"Maninagar, Ahmedabad - GPCB","18-02-2026 16:00:00",23.002657,72.591912,PM2.5,51,221,108
India,Delhi,Delhi,"Sirifort, Delhi - CPCB","18-02-2026 16:00:00",28.5504249,77.2159377,PM10,105,357,212
India,Delhi,Delhi,"Sri Aurobindo Marg, Delhi - DPCC","18-02-2026 16:00:00",28.531346,77.190156,PM2.5,50,318,153
India,Delhi,Delhi,"Vivek Vihar, Delhi - DPCC","18-02-2026 16:00:00",28.672342,77.315260,PM10,88,427,247
India,Delhi,Delhi,"Vivek Vihar, Delhi - DPCC","18-02-2026 16:00:00",28.672342,77.315260,NO2,28,108,65
India,Delhi,Delhi,"Vivek Vihar, Delhi - DPCC","18-02-2026 16:00:00",28.672342,77.315260,NH3,7,9,8
India,Delhi,Delhi,"Narela, Delhi - DPCC","18-02-2026 16:00:00",28.822836,77.101981,SO2,7,21,14
India,Delhi,Delhi,"Nehru Nagar, Delhi - DPCC","18-02-2026 16:00:00",28.567890,77.250515,SO2,14,114,29
India,Delhi,Delhi,"Okhla Phase-2, Delhi - DPCC","18-02-2026 16:00:00",28.530785,77.271255,SO2,9,76,16
India,Delhi,Delhi,"Okhla Phase-2, Delhi - DPCC","18-02-2026 16:00:00",28.530785,77.271255,OZONE,4,130,31
India,Delhi,Delhi,"Patparganj, Delhi - DPCC","18-02-2026 16:00:00",28.623763,77.287209,PM2.5,42,368,226
India,Delhi,Delhi,"Major Dhyan Chand National Stadium, Delhi - DPCC","18-02-2026 16:00:00",28.611281,77.237738,PM2.5,32,325,162
India,Gujarat,Ahmedabad,"Raikhad, Ahmedabad - IITM","18-02-2026 16:00:00",23.020509,72.579261,PM2.5,35,187,77
India,Delhi,Delhi,"Rohini, Delhi - DPCC","18-02-2026 16:00:00",28.732528,77.119920,NH3,11,20,16
India,Gujarat,Vatva,"Phase-4 GIDC, Vatva - GPCB","18-02-2026 16:00:00",22.969611,72.643500,NH3,1,11,6
India,Gujarat,Vatva,"Phase-4 GIDC, Vatva - GPCB","18-02-2026 16:00:00",22.969611,72.643500,SO2,10,46,20
India,Haryana,Ambala,"Patti Mehar, Ambala - HSPCB","18-02-2026 16:00:00",30.379589,76.778328,PM2.5,77,236,143
India,Haryana,Ambala,"Patti Mehar, Ambala - HSPCB","18-02-2026 16:00:00",30.379589,76.778328,SO2,15,32,22
India,Haryana,Ambala,"Patti Mehar, Ambala - HSPCB","18-02-2026 16:00:00",30.379589,76.778328,OZONE,14,15,15
India,Haryana,Bahadurgarh,"Arya Nagar, Bahadurgarh - HSPCB","18-02-2026 16:00:00",28.6701,76.9254,OZONE,15,19,17
India,Haryana,Ballabgarh,"Nathu Colony, Ballabgarh - HSPCB","18-02-2026 16:00:00",28.3419248,77.319699,NH3,3,3,3
India,Haryana,Bhiwani,"H.B. Colony, Bhiwani - HSPCB","18-02-2026 16:00:00",28.806223,76.141105,PM10,48,407,98
India,Haryana,Bhiwani,"H.B. Colony, Bhiwani - HSPCB","18-02-2026 16:00:00",28.806223,76.141105,NH3,3,4,3
India,Haryana,Bhiwani,"H.B. Colony, Bhiwani - HSPCB","18-02-2026 16:00:00",28.806223,76.141105,CO,8,10,9
India,Gujarat,Bhavnagar,"Vidhyanagar, Bhavnagar - Nexteng Enviro","18-02-2026 16:00:00",21.755417,72.139056,PM2.5,28,73,50
India,Gujarat,Bhavnagar,"Vidhyanagar, Bhavnagar - Nexteng Enviro","18-02-2026 16:00:00",21.755417,72.139056,NO2,50,65,56
India,Gujarat,Gandhinagar,"GIFT City, Gandhinagar - IITM","18-02-2026 16:00:00",23.163798,72.677768,NO2,19,76,42
India,Gujarat,Gandhinagar,"GIFT City, Gandhinagar - IITM","18-02-2026 16:00:00",23.163798,72.677768,NH3,5,13,8
India,Gujarat,Gandhinagar,"GIFT City, Gandhinagar - IITM","18-02-2026 16:00:00",23.163798,72.677768,CO,31,58,41
India,Gujarat,Gandhinagar,"IIPHG Lekawada, Gandhinagar - IITM","18-02-2026 16:00:00",23.243639,72.68994,PM2.5,66,248,142
India,Gujarat,Gandhinagar,"IIPHG Lekawada, Gandhinagar - IITM","18-02-2026 16:00:00",23.243639,72.68994,CO,6,62,22
India,Gujarat,Gandhinagar,"IIPHG Lekawada, Gandhinagar - IITM","18-02-2026 16:00:00",23.243639,72.68994,OZONE,1,28,16
India,Gujarat,Gandhinagar,"Sector-10, Gandhinagar - GPCB","18-02-2026 16:00:00",23.221714,72.654328,PM10,85,178,131
India,Gujarat,Gandhinagar,"Sector-10, Gandhinagar - GPCB","18-02-2026 16:00:00",23.221714,72.654328,SO2,6,15,10
India,Haryana,Narnaul,"Shastri Nagar, Narnaul - HSPCB","18-02-2026 16:00:00",28.060249,76.113115,NH3,6,18,11
India,Haryana,Palwal,"Shyam Nagar, Palwal - HSPCB","18-02-2026 16:00:00",28.1485564,77.3320667,PM10,46,77,63
India,Haryana,Panchgaon,"Amity University, Panchgaon - IITM","18-02-2026 16:00:00",28.3153,76.9143,PM2.5,65,277,142
India,Haryana,Panchgaon,"Amity University, Panchgaon - IITM","18-02-2026 16:00:00",28.3153,76.9143,NH3,4,12,7
India,Haryana,Panchgaon,"Amity University, Panchgaon - IITM","18-02-2026 16:00:00",28.3153,76.9143,OZONE,1,77,25
India,Haryana,Panchkula,"Sector-6, Panchkula - HSPCB ","18-02-2026 16:00:00",30.7057778,76.8531805555555,SO2,14,16,15
India,Haryana,Panipat,"Sector-18, Panipat - HSPCB","18-02-2026 16:00:00",29.432304,76.972765,PM2.5,7,441,139
India,Haryana,Rohtak,"MD University, Rohtak - HSPCB","18-02-2026 16:00:00",28.52123,76.37138,SO2,10,13,12
India,Haryana,Gurugram,"Sector-51, Gurugram - HSPCB","18-02-2026 16:00:00",28.4227,77.0667,PM10,110,337,199
India,Haryana,Gurugram,"Sector-51, Gurugram - HSPCB","18-02-2026 16:00:00",28.4227,77.0667,SO2,4,10,8
India,Haryana,Gurugram,"Sector-51, Gurugram - HSPCB","18-02-2026 16:00:00",28.4227,77.0667,OZONE,3,16,14
India,Haryana,Gurugram,"Teri Gram, Gurugram - HSPCB","18-02-2026 16:00:00",28.4275,77.1465,SO2,NA,NA,NA
India,Haryana,Gurugram,"Vikas Sadan, Gurugram - HSPCB","18-02-2026 16:00:00",28.4501238,77.0263051,PM2.5,61,500,324
India,Haryana,Gurugram,"Vikas Sadan, Gurugram - HSPCB","18-02-2026 16:00:00",28.4501238,77.0263051,OZONE,5,31,24
India,Haryana,Hisar,"Urban Estate-II, Hisar - HSPCB","18-02-2026 16:00:00",29.140560,75.744941,NH3,10,11,11
India,Haryana,Jind,"Police Lines, Jind - HSPCB","18-02-2026 16:00:00",29.307814,76.337619,PM2.5,24,218,108
India,Haryana,Kaithal,"Rishi Nagar, Kaithal - HSPCB","18-02-2026 16:00:00",29.8006,76.4155,PM10,55,172,103
India,Haryana,Kaithal,"Rishi Nagar, Kaithal - HSPCB","18-02-2026 16:00:00",29.8006,76.4155,SO2,17,21,19
India,Haryana,Kurukshetra,"Sector-7, Kurukshetra - HSPCB","18-02-2026 16:00:00",29.966942,76.875879,CO,1,86,5
India,Haryana,Kurukshetra,"Sector-7, Kurukshetra - HSPCB","18-02-2026 16:00:00",29.966942,76.875879,OZONE,2,65,31
India,Haryana,Mandikhera,"General Hospital, Mandikhera(Nuh) - HSPCB","18-02-2026 16:00:00",27.9002,76.9938,PM2.5,44,79,64
India,Haryana,Mandikhera,"General Hospital, Mandikhera(Nuh) - HSPCB","18-02-2026 16:00:00",27.9002,76.9938,NH3,13,14,13
India,Haryana,Mandikhera,"General Hospital, Mandikhera(Nuh) - HSPCB","18-02-2026 16:00:00",27.9002,76.9938,OZONE,22,33,26
India,Haryana,Manesar,"Sector-2 IMT, Manesar - HSPCB","18-02-2026 16:00:00",28.360699,76.936090,SO2,2,35,18
India,Gujarat,Ahmedabad,"Rakhial, Ahmedabad - IITM","18-02-2026 16:00:00",23.016834,72.625775,PM2.5,73,214,119
India,Gujarat,Ahmedabad,"Rakhial, Ahmedabad - IITM","18-02-2026 16:00:00",23.016834,72.625775,NH3,3,6,5
India,Gujarat,Ahmedabad,"Rakhial, Ahmedabad - IITM","18-02-2026 16:00:00",23.016834,72.625775,SO2,19,110,44
India,Gujarat,Ahmedabad,"SAC ISRO Satellite, Ahmedabad - IITM","18-02-2026 16:00:00",23.023389,72.515201,NH3,7,15,9
India,Gujarat,Ahmedabad,"SAC ISRO Satellite, Ahmedabad - IITM","18-02-2026 16:00:00",23.023389,72.515201,OZONE,6,67,39
India,Gujarat,Ahmedabad,"SVPI Airport Hansol, Ahmedabad - IITM","18-02-2026 16:00:00",23.076793,72.627874,PM10,108,181,142
India,Gujarat,Ankleshwar,"GIDC, Ankleshwar - GPCB","18-02-2026 16:00:00",21.613267,73.010555,PM2.5,61,174,92
India,Gujarat,Rajkot,"Mavdi, Rajkot - Nexteng Enviro ","18-02-2026 16:00:00",22.248853,70.776774,SO2,1,119,38
India,Gujarat,Surat,"Katargam, Surat - Nexteng Enviro","18-02-2026 16:00:00","21.217779 ","72.834787 ",OZONE,8,9,8
India,Gujarat,Surat,"Science Center, Surat - SMC","18-02-2026 16:00:00",21.170046,72.795405,PM2.5,79,305,157
India,Gujarat,Surat,"Science Center, Surat - SMC","18-02-2026 16:00:00",21.170046,72.795405,PM10,63,190,129
India,Gujarat,Vadodara,"Bapunagar, Vadodara - Nexteng Enviro","18-02-2026 16:00:00",22.320153,73.216285,PM10,109,212,153
India,Haryana,"Charkhi Dadri","Mini Secretariat, Charkhi Dadri - HSPCB","18-02-2026 16:00:00",28.593883,76.270653,SO2,10,12,11
India,Haryana,Faridabad,"Sector 11, Faridabad - HSPCB","18-02-2026 16:00:00",28.376058,77.315741,SO2,7,10,9
India,Haryana,Faridabad,"Sector 30, Faridabad - HSPCB","18-02-2026 16:00:00",28.4417,77.3217,PM2.5,90,92,90
India,Haryana,Fatehabad,"Huda Sector, Fatehabad - HSPCB","18-02-2026 16:00:00",29.503664,75.467934,NO2,18,20,19
India,Gujarat,Mehsana,"Sadanand Nagar, Mehsana - Nexteng Enviro","18-02-2026 16:00:00",23.593150,72.372792,OZONE,9,22,13
India,Haryana,Sirsa,"F-Block, Sirsa - HSPCB","18-02-2026 16:00:00",29.536400,75.015800,NO2,19,23,21
India,Haryana,Sirsa,"F-Block, Sirsa - HSPCB","18-02-2026 16:00:00",29.536400,75.015800,SO2,1,58,14
India,Haryana,Sonipat,"Murthal, Sonipat - HSPCB","18-02-2026 16:00:00",29.027200,77.062100,PM10,53,113,85
India,Haryana,"Yamuna Nagar","Gobind Pura, Yamuna Nagar - HSPCB","18-02-2026 16:00:00",30.1480566,77.2893471,PM10,10,215,167
India,Haryana,"Yamuna Nagar","Gobind Pura, Yamuna Nagar - HSPCB","18-02-2026 16:00:00",30.1480566,77.2893471,NH3,4,4,4
India,"Himachal Pradesh",Baddi,"HIMUDA Complex Phase-1, Baddi - HPPCB","18-02-2026 16:00:00",30.943887,76.801991,PM2.5,60,375,186
India,"Himachal Pradesh",Baddi,"HIMUDA Complex Phase-1, Baddi - HPPCB","18-02-2026 16:00:00",30.943887,76.801991,PM10,84,427,179
India,"Himachal Pradesh",Baddi,"HIMUDA Complex Phase-1, Baddi - HPPCB","18-02-2026 16:00:00",30.943887,76.801991,NH3,4,16,6
India,Jammu_and_Kashmir,Srinagar,"Khunmoh, Srinagar - JKPCC","18-02-2026 16:00:00",34.06313,74.96017,PM10,47,151,100
India,Jammu_and_Kashmir,Srinagar,"Khunmoh, Srinagar - JKPCC","18-02-2026 16:00:00",34.06313,74.96017,SO2,2,4,3
India,Jammu_and_Kashmir,Srinagar,"Rajbagh, Srinagar - JKPCC","18-02-2026 16:00:00",34.066206,74.819820,PM10,34,68,46
India,Jharkhand,Dhanbad,"Sardar Patel Nagar, Dhanbad - JSPCB","18-02-2026 16:00:00",23.80569,86.44268,SO2,NA,NA,NA
India,Karnataka,Bagalkot,"Vidayagiri, Bagalkot - KSPCB","18-02-2026 16:00:00",16.172806,75.659694,SO2,7,7,7
India,Karnataka,Bengaluru,"BTM Layout, Bengaluru - CPCB","18-02-2026 16:00:00",12.9135218,77.5950804,SO2,20,21,21
India,Karnataka,Bengaluru,"BWSSB Kadabesanahalli, Bengaluru - CPCB","18-02-2026 16:00:00",12.9352049,77.6814488,SO2,4,14,8
India,Karnataka,Bengaluru,"BWSSB Kadabesanahalli, Bengaluru - CPCB","18-02-2026 16:00:00",12.9352049,77.6814488,CO,37,39,38
India,Karnataka,Bengaluru,"Bapuji Nagar, Bengaluru - KSPCB","18-02-2026 16:00:00",12.951913,77.539784,SO2,15,84,37
India,Karnataka,Bengaluru,"City Railway Station, Bengaluru - KSPCB","18-02-2026 16:00:00",12.9756843,77.5660749,NO2,33,38,35
India,Karnataka,Bengaluru,"Hebbal, Bengaluru - KSPCB","18-02-2026 16:00:00",13.029152,77.585901,PM10,68,114,91
India,Karnataka,Bengaluru,"Hebbal, Bengaluru - KSPCB","18-02-2026 16:00:00",13.029152,77.585901,NO2,43,51,47
India,Karnataka,Bengaluru,"Hombegowda Nagar, Bengaluru - KSPCB","18-02-2026 16:00:00",12.938539,77.590100,NH3,4,8,4
India,Karnataka,Bengaluru,"Hombegowda Nagar, Bengaluru - KSPCB","18-02-2026 16:00:00",12.938539,77.590100,SO2,14,59,27
India,Karnataka,Bengaluru,"Jayanagar 5th Block, Bengaluru - KSPCB","18-02-2026 16:00:00",12.920984,77.584908,PM10,68,124,96
India,Karnataka,Bengaluru,"Jayanagar 5th Block, Bengaluru - KSPCB","18-02-2026 16:00:00",12.920984,77.584908,NO2,9,50,26
India,Karnataka,Bengaluru,"Jayanagar 5th Block, Bengaluru - KSPCB","18-02-2026 16:00:00",12.920984,77.584908,NH3,2,2,2
India,Karnataka,Bengaluru,"Jayanagar 5th Block, Bengaluru - KSPCB","18-02-2026 16:00:00",12.920984,77.584908,SO2,9,30,15
India,Karnataka,Bengaluru,"Jigani, Bengaluru - KSPCB","18-02-2026 16:00:00",12.7816279,77.6299145,NO2,21,22,22
India,Karnataka,Bengaluru,"Kasturi Nagar, Bengaluru - KSPCB","18-02-2026 16:00:00",13.003872,77.664217,SO2,13,14,14
India,Karnataka,Bengaluru,"Peenya, Bengaluru - CPCB","18-02-2026 16:00:00",13.0270199,77.494094,SO2,5,15,11
India,Karnataka,Bengaluru,"Peenya, Bengaluru - CPCB","18-02-2026 16:00:00",13.0270199,77.494094,OZONE,20,21,21
India,Karnataka,Bengaluru,"RVCE-Mailasandra, Bengaluru - KSPCB","18-02-2026 16:00:00",12.921418,77.502466,SO2,5,6,6
India,Karnataka,Bengaluru,"Shivapura_Peenya, Bengaluru - KSPCB","18-02-2026 16:00:00",13.0246342,77.5080115,OZONE,26,27,27
India,Karnataka,Bengaluru,"Silk Board, Bengaluru - KSPCB","18-02-2026 16:00:00",12.917348,77.622813,SO2,5,29,12
India,Karnataka,Bengaluru,"Silk Board, Bengaluru - KSPCB","18-02-2026 16:00:00",12.917348,77.622813,CO,20,105,28
India,Karnataka,Bengaluru,"Silk Board, Bengaluru - KSPCB","18-02-2026 16:00:00",12.917348,77.622813,OZONE,38,168,121
India,Karnataka,Chamarajanagar,"Urban, Chamarajanagar - KSPCB","18-02-2026 16:00:00",11.55358,76.55521,NH3,1,3,2
India,Karnataka,Chikkaballapur,"Chikkaballapur Rural, Chikkaballapur - KSPCB","18-02-2026 16:00:00",13.428828,77.731418,OZONE,16,25,20
India,Karnataka,Chikkamagaluru,"Kalyana Nagara, Chikkamagaluru - KSPCB","18-02-2026 16:00:00",13.328028,75.797056,PM2.5,54,93,61
India,Karnataka,Chikkamagaluru,"Kalyana Nagara, Chikkamagaluru - KSPCB","18-02-2026 16:00:00",13.328028,75.797056,NH3,3,4,4
India,Karnataka,Dharwad,"Kalabhavan, Dharwad - KSPCB","18-02-2026 16:00:00",15.459706,75.008381,OZONE,25,34,25
India,Karnataka,Hubballi,"Lingaraj Nagar, Hubballi - KSPCB","18-02-2026 16:00:00",15.3714823,75.1160168,NO2,8,11,11
India,Karnataka,Hubballi,"Lingaraj Nagar, Hubballi - KSPCB","18-02-2026 16:00:00",15.3714823,75.1160168,CO,NA,NA,NA
India,Karnataka,Kalaburagi,"Mahatma Basaveswar Colony, Kalaburgi - KSPCB","18-02-2026 16:00:00",17.336318,76.847397,SO2,3,7,4
India,Karnataka,Ramanagara,"Vijay Nagar, Ramanagara - KSPCB","18-02-2026 16:00:00",12.733409,77.298051,PM10,62,166,102
India,Karnataka,Ramanagara,"Vijay Nagar, Ramanagara - KSPCB","18-02-2026 16:00:00",12.733409,77.298051,NO2,47,60,52
India,Karnataka,Shivamogga,"Vinoba Nagara, Shivamogga - KSPCB","18-02-2026 16:00:00",13.940000,75.555917,PM2.5,28,49,44
India,Karnataka,Shivamogga,"Vinoba Nagara, Shivamogga - KSPCB","18-02-2026 16:00:00",13.940000,75.555917,NH3,3,4,3
India,Karnataka,Shivamogga,"Vinoba Nagara, Shivamogga - KSPCB","18-02-2026 16:00:00",13.940000,75.555917,CO,8,40,25
India,Karnataka,Shivamogga,"Vinoba Nagara, Shivamogga - KSPCB","18-02-2026 16:00:00",13.940000,75.555917,OZONE,7,82,51
India,Bihar,Munger,"Town Hall, Munger - BSPCB","18-02-2026 16:00:00",25.376776,86.471523,OZONE,9,11,10
India,Bihar,Muzaffarpur,"Buddha Colony, Muzaffarpur - BSPCB","18-02-2026 16:00:00",26.11442,85.39813,PM10,107,167,128
India,Bihar,Muzaffarpur,"Buddha Colony, Muzaffarpur - BSPCB","18-02-2026 16:00:00",26.11442,85.39813,OZONE,1,86,63
India,Bihar,Muzaffarpur,"MIT-Daudpur Kothi, Muzaffarpur - BSPCB","18-02-2026 16:00:00",26.1403345,85.3650192,NH3,5,7,6
India,Bihar,Muzaffarpur,"MIT-Daudpur Kothi, Muzaffarpur - BSPCB","18-02-2026 16:00:00",26.1403345,85.3650192,SO2,10,13,11
India,Bihar,Muzaffarpur,"MIT-Daudpur Kothi, Muzaffarpur - BSPCB","18-02-2026 16:00:00",26.1403345,85.3650192,CO,35,64,51
India,Bihar,Patna,"DRM Office Danapur, Patna - BSPCB","18-02-2026 16:00:00",25.586562,85.043586,SO2,5,7,6
India,Bihar,Patna,"Govt. High School Shikarpur, Patna - BSPCB","18-02-2026 16:00:00",25.592539,85.227158,CO,14,102,59
India,Bihar,Patna,"Govt. High School Shikarpur, Patna - BSPCB","18-02-2026 16:00:00",25.592539,85.227158,OZONE,7,12,9
India,Andhra_Pradesh,Anantapur,"Gulzarpet, Anantapur - APPCB","18-02-2026 16:00:00",14.675886,77.593027,PM2.5,58,67,64
India,Andhra_Pradesh,Anantapur,"Gulzarpet, Anantapur - APPCB","18-02-2026 16:00:00",14.675886,77.593027,OZONE,17,17,17
India,Andhra_Pradesh,Chittoor,"Gangineni Cheruvu, Chittoor - APPCB","18-02-2026 16:00:00",13.204880,79.097889,PM2.5,44,65,56
India,Andhra_Pradesh,Chittoor,"Gangineni Cheruvu, Chittoor - APPCB","18-02-2026 16:00:00",13.204880,79.097889,PM10,38,61,51
India,Andhra_Pradesh,Chittoor,"Gangineni Cheruvu, Chittoor - APPCB","18-02-2026 16:00:00",13.204880,79.097889,NH3,3,5,4
India,Andhra_Pradesh,Rajamahendravaram,"Anand Kala Kshetram, Rajamahendravaram - APPCB","18-02-2026 16:00:00",16.9872867,81.7363176,PM10,102,147,123
India,Andhra_Pradesh,Tirumala,"Toll Gate, Tirumala - APPCB","18-02-2026 16:00:00",13.67,79.35,PM10,76,101,88
India,Andhra_Pradesh,Tirumala,"Toll Gate, Tirumala - APPCB","18-02-2026 16:00:00",13.67,79.35,NO2,9,31,21
India,Andhra_Pradesh,Tirumala,"Toll Gate, Tirumala - APPCB","18-02-2026 16:00:00",13.67,79.35,SO2,9,18,12
India,Bihar,Patna,"IGSC Planetarium Complex, Patna - BSPCB","18-02-2026 16:00:00",25.610369,85.132568,PM2.5,NA,NA,NA
India,Bihar,Patna,"Muradpur, Patna - BSPCB","18-02-2026 16:00:00",25.619651,85.147382,SO2,7,10,9
India,Bihar,Patna,"Muradpur, Patna - BSPCB","18-02-2026 16:00:00",25.619651,85.147382,CO,2,68,29
India,Bihar,Patna,"Samanpura, Patna - BSPCB","18-02-2026 16:00:00",25.596727,85.085624,PM2.5,55,135,93
India,Bihar,Patna,"Samanpura, Patna - BSPCB","18-02-2026 16:00:00",25.596727,85.085624,PM10,107,238,154
India,Bihar,Patna,"Samanpura, Patna - BSPCB","18-02-2026 16:00:00",25.596727,85.085624,NH3,7,12,11
India,Bihar,Patna,"Samanpura, Patna - BSPCB","18-02-2026 16:00:00",25.596727,85.085624,CO,52,98,83
India,Bihar,Rajgir,"Dangi Tola, Rajgir - BSPCB","18-02-2026 16:00:00",25.03280,85.41948,PM10,NA,NA,NA
India,Bihar,Rajgir,"Dangi Tola, Rajgir - BSPCB","18-02-2026 16:00:00",25.03280,85.41948,NO2,NA,NA,NA
India,Bihar,Rajgir,"Dangi Tola, Rajgir - BSPCB","18-02-2026 16:00:00",25.03280,85.41948,NH3,NA,NA,NA
India,Andhra_Pradesh,Visakhapatnam,"GVM Corporation, Visakhapatnam - APPCB","18-02-2026 16:00:00",17.72,83.3,PM10,106,410,166
India,Andhra_Pradesh,Visakhapatnam,"GVM Corporation, Visakhapatnam - APPCB","18-02-2026 16:00:00",17.72,83.3,CO,1,70,15
India,Andhra_Pradesh,Visakhapatnam,"GVM Corporation, Visakhapatnam - APPCB","18-02-2026 16:00:00",17.72,83.3,OZONE,3,66,57
India,Arunachal_Pradesh,Naharlagun,"Naharlagun, Naharlagun - APSPCB","18-02-2026 16:00:00",27.103358,93.679645,CO,12,50,14
India,Arunachal_Pradesh,Naharlagun,"Naharlagun, Naharlagun - APSPCB","18-02-2026 16:00:00",27.103358,93.679645,OZONE,6,6,6
India,Assam,Guwahati,"LGBI Airport, Guwahati - PCBA","18-02-2026 16:00:00",26.10887,91.589544,SO2,6,28,12
India,Assam,Guwahati,"Pan Bazaar, Guwahati - PCBA","18-02-2026 16:00:00",26.187500,91.744194,NH3,1,1,1
India,Bihar,Buxar,"Charitra Van, Buxar - BSPCB","18-02-2026 16:00:00",25.567520,83.966379,PM2.5,47,133,76
India,Bihar,Buxar,"Charitra Van, Buxar - BSPCB","18-02-2026 16:00:00",25.567520,83.966379,SO2,14,112,47
India,Bihar,Chhapra,"Darshan Nagar, Chhapra - BSPCB","18-02-2026 16:00:00",25.7808257,84.7446768,PM2.5,NA,NA,NA
India,Bihar,Chhapra,"Darshan Nagar, Chhapra - BSPCB","18-02-2026 16:00:00",25.7808257,84.7446768,PM10,NA,NA,NA
India,Bihar,Gaya,"Collectorate, Gaya - BSPCB","18-02-2026 16:00:00",24.7955,84.9994,CO,38,106,39
India,Bihar,Gaya,"Kareemganj, Gaya - BSPCB","18-02-2026 16:00:00",24.792403,84.992416,PM2.5,22,324,147
India,Bihar,Gaya,"Kareemganj, Gaya - BSPCB","18-02-2026 16:00:00",24.792403,84.992416,PM10,81,290,179
India,Bihar,Bettiah,"Kamalnath Nagar, Bettiah - BSPCB","18-02-2026 16:00:00",26.80365,84.51954,PM10,46,112,72
India,Bihar,Bhagalpur,"DM Office_Kachari Chowk, Bhagalpur - BSPCB","18-02-2026 16:00:00",25.251013,86.989001,SO2,27,75,49
India,Bihar,Bhagalpur,"DM Office_Kachari Chowk, Bhagalpur - BSPCB","18-02-2026 16:00:00",25.251013,86.989001,OZONE,12,26,18
India,Bihar,Bhagalpur,"Mayaganj, Bhagalpur - BSPCB","18-02-2026 16:00:00",25.265194,87.012947,CO,78,96,87
India,Bihar,Bhagalpur,"Mayaganj, Bhagalpur - BSPCB","18-02-2026 16:00:00",25.265194,87.012947,OZONE,12,20,16
India,Bihar,"Bihar Sharif","D M Colony, Bihar Sharif - BSPCB","18-02-2026 16:00:00",25.204762,85.514960,NH3,3,5,4
India,Assam,Guwahati,"Railway Colony, Guwahati - PCBA","18-02-2026 16:00:00",26.181742,91.78063,PM10,56,277,156
India,Assam,Nalbari,"Bata Chowk, Nalbari - PCBA","18-02-2026 16:00:00",26.446912,91.439057,NO2,NA,NA,NA
India,Assam,Silchar,"Tarapur, Silchar - PCBA","18-02-2026 16:00:00",24.82827,92.79525,PM10,46,74,55
India,Assam,Silchar,"Tarapur, Silchar - PCBA","18-02-2026 16:00:00",24.82827,92.79525,NO2,18,29,26
India,Assam,Sivasagar,"Girls College, Sivasagar - PCBA","18-02-2026 16:00:00",26.987634,94.636574,PM2.5,NA,NA,NA
India,Assam,Sivasagar,"Girls College, Sivasagar - PCBA","18-02-2026 16:00:00",26.987634,94.636574,PM10,NA,NA,NA
India,Assam,Sivasagar,"Girls College, Sivasagar - PCBA","18-02-2026 16:00:00",26.987634,94.636574,NO2,37,70,50
India,Bihar,Hajipur,"Industrial Area, Hajipur - BSPCB","18-02-2026 16:00:00",25.697189,85.245900,NH3,21,28,25
India,Bihar,Hajipur,"Industrial Area, Hajipur - BSPCB","18-02-2026 16:00:00",25.697189,85.245900,CO,6,69,35
India,Bihar,Hajipur,"Industrial Area, Hajipur - BSPCB","18-02-2026 16:00:00",25.697189,85.245900,OZONE,24,291,291
India,Bihar,Kishanganj,"SDM Office_Khagra, Kishanganj - BSPCB","18-02-2026 16:00:00",26.0881305,87.93840336,NO2,9,14,12
India,Bihar,Kishanganj,"SDM Office_Khagra, Kishanganj - BSPCB","18-02-2026 16:00:00",26.0881305,87.93840336,CO,17,26,24
India,Bihar,Manguraha,"Forest Rest House, Manguraha - BSPCB","18-02-2026 16:00:00",27.308328,84.531742,PM10,92,173,119
India,Andhra_Pradesh,Tirupati,"Vaikuntapuram, Tirupati - APPCB","18-02-2026 16:00:00",13.615387,79.409230,NH3,4,6,4
India,Andhra_Pradesh,Tirupati,"Vaikuntapuram, Tirupati - APPCB","18-02-2026 16:00:00",13.615387,79.409230,CO,24,34,29
India,Andhra_Pradesh,Vijayawada,"Kanuru, Vijayawada - APPCB","18-02-2026 16:00:00",16.486692,80.699436,OZONE,22,32,27
India,Andhra_Pradesh,Vijayawada,"Rajiv Gandhi Park, Vijayawada - APPCB","18-02-2026 16:00:00",16.509717,80.612222,PM10,59,91,73
India,Andhra_Pradesh,Vijayawada,"Rajiv Gandhi Park, Vijayawada - APPCB","18-02-2026 16:00:00",16.509717,80.612222,NO2,30,50,39
India,Andhra_Pradesh,Vijayawada,"Rajiv Nagar, Vijayawada - APPCB","18-02-2026 16:00:00",16.554731,80.649110,NO2,NA,NA,NA
India,Assam,Sivasagar,"Girls College, Sivasagar - PCBA","18-02-2026 16:00:00",26.987634,94.636574,SO2,12,15,14
India,Bihar,Araria,"Kharahiya Basti, Araria - BSPCB","18-02-2026 16:00:00",26.146529,87.454184,OZONE,9,10,10
India,Bihar,Arrah,"New DM Office, Arrah - BSPCB","18-02-2026 16:00:00",25.5626095,84.663264,PM2.5,47,163,83
India,Chhattisgarh,Raipur,"AIIMS, Raipur - CECB","18-02-2026 16:00:00",21.258815,81.578979,NH3,4,5,4
India,Chhattisgarh,Raipur,"Bhatagaon New ISBT, Raipur - CECB","18-02-2026 16:00:00",21.219665,81.630094,PM10,31,145,77
India,Chhattisgarh,Raipur,"Krishak Nagar, Raipur - CECB","18-02-2026 16:00:00",21.237755,81.705301,PM2.5,35,62,49
India,Chhattisgarh,Raipur,"Krishak Nagar, Raipur - CECB","18-02-2026 16:00:00",21.237755,81.705301,NH3,2,2,2
India,Chhattisgarh,Raipur,"Krishak Nagar, Raipur - CECB","18-02-2026 16:00:00",21.237755,81.705301,SO2,4,13,6
India,Chhattisgarh,Raipur,"Krishak Nagar, Raipur - CECB","18-02-2026 16:00:00",21.237755,81.705301,CO,14,37,25
India,Chhattisgarh,Raipur,"Siltara Phase-II, Raipur - CECB","18-02-2026 16:00:00",21.371751,81.664929,NH3,2,2,2
India,Chhattisgarh,Raipur,"Siltara Phase-II, Raipur - CECB","18-02-2026 16:00:00",21.371751,81.664929,CO,14,24,17
India,Chhattisgarh,Tumidih,"OP Jindal Industrial Park, Tumidih - CECB","18-02-2026 16:00:00",22.06631475,83.33820077,PM2.5,NA,NA,NA
India,Chhattisgarh,Tumidih,"OP Jindal Industrial Park, Tumidih - CECB","18-02-2026 16:00:00",22.06631475,83.33820077,SO2,NA,NA,NA
India,Bihar,Rajgir,"Dangi Tola, Rajgir - BSPCB","18-02-2026 16:00:00",25.03280,85.41948,SO2,NA,NA,NA
India,Bihar,Saharsa,"Police Line, Saharsa - BSPCB","18-02-2026 16:00:00",25.892357,86.590325,PM2.5,18,312,156
India,Bihar,Saharsa,"Police Line, Saharsa - BSPCB","18-02-2026 16:00:00",25.892357,86.590325,SO2,14,18,16
India,Bihar,Samastipur,"DM Office_Kasipur, Samastipur - BSPCB","18-02-2026 16:00:00",25.859655,85.77944,PM2.5,55,280,93
India,Bihar,Sasaram,"Dada Peer, Sasaram - BSPCB","18-02-2026 16:00:00",24.952822,84.002396,OZONE,9,30,17
India,Bihar,Siwan,"Chitragupta Nagar, Siwan - BSPCB","18-02-2026 16:00:00",26.2271665,84.3570427,CO,44,101,66
India,Chandigarh,Chandigarh,"Sector 22, Chandigarh - CPCC","18-02-2026 16:00:00",30.735567,76.775714,CO,38,112,52
India,Chhattisgarh,Korba,"Rampur, Korba - CECB","18-02-2026 16:00:00",22.368195,82.746431,PM10,39,94,57
India,Chhattisgarh,Korba,"Rampur, Korba - CECB","18-02-2026 16:00:00",22.368195,82.746431,NH3,1,1,1
India,Chhattisgarh,Korba,"Rampur, Korba - CECB","18-02-2026 16:00:00",22.368195,82.746431,CO,9,23,18
India,Chhattisgarh,Korba,"Rampur, Korba - CECB","18-02-2026 16:00:00",22.368195,82.746431,OZONE,1,11,9
India,Chhattisgarh,Korba,"Urja Nagar, Korba - CECB","18-02-2026 16:00:00",22.348441,82.549611,PM2.5,46,455,123
India,Chhattisgarh,Kunjemura,"OP Jindal School, Kunjemura - CECB","18-02-2026 16:00:00",22.126650,83.483212,PM10,46,178,111
India,Chhattisgarh,Milupara,"Govt. Higher Secondary School, Milupara - CECB","18-02-2026 16:00:00",22.1910172,83.5197009,PM10,27,92,51
India,Chhattisgarh,Milupara,"Govt. Higher Secondary School, Milupara - CECB","18-02-2026 16:00:00",22.1910172,83.5197009,NO2,13,40,22
India,Chhattisgarh,Milupara,"Govt. Higher Secondary School, Milupara - CECB","18-02-2026 16:00:00",22.1910172,83.5197009,OZONE,12,160,160
India,Chandigarh,Chandigarh,"Sector-25, Chandigarh - CPCC","18-02-2026 16:00:00",30.751462,76.762879,NH3,8,9,9
India,Chandigarh,Chandigarh,"Sector-25, Chandigarh - CPCC","18-02-2026 16:00:00",30.751462,76.762879,CO,16,76,30
India,Chandigarh,Chandigarh,"Sector-53, Chandigarh - CPCC","18-02-2026 16:00:00",30.719859,76.738637,NO2,19,162,99
India,Chandigarh,Chandigarh,"Sector-53, Chandigarh - CPCC","18-02-2026 16:00:00",30.719859,76.738637,SO2,8,17,12
India,Chandigarh,Chandigarh,"Sector-53, Chandigarh - CPCC","18-02-2026 16:00:00",30.719859,76.738637,CO,18,122,52
India,Chhattisgarh,Bhilai,"32Bungalows, Bhilai - CECB","18-02-2026 16:00:00",21.194815,81.314770,PM10,20,143,60
India,Chhattisgarh,Bhilai,"32Bungalows, Bhilai - CECB","18-02-2026 16:00:00",21.194815,81.314770,NO2,33,52,41
India,Chhattisgarh,Bhilai,"32Bungalows, Bhilai - CECB","18-02-2026 16:00:00",21.194815,81.314770,CO,6,58,45
India,Chhattisgarh,Bhilai,"32Bungalows, Bhilai - CECB","18-02-2026 16:00:00",21.194815,81.314770,OZONE,2,45,27
India,Chhattisgarh,Tumidih,"OP Jindal Industrial Park, Tumidih - CECB","18-02-2026 16:00:00",22.06631475,83.33820077,OZONE,70,104,91
India,Delhi,Delhi,"Alipur, Delhi - DPCC","18-02-2026 16:00:00",28.815329,77.153010,PM10,29,318,178
India,Delhi,Delhi,"Alipur, Delhi - DPCC","18-02-2026 16:00:00",28.815329,77.153010,SO2,8,16,12
India,Delhi,Delhi,"Anand Vihar, Delhi - DPCC","18-02-2026 16:00:00",28.647622,77.3158090,PM2.5,2,401,266
India,Delhi,Delhi,"Anand Vihar, Delhi - DPCC","18-02-2026 16:00:00",28.647622,77.3158090,OZONE,12,38,17
India,Delhi,Delhi,"Ashok Vihar, Delhi - DPCC","18-02-2026 16:00:00",28.695381,77.181665,SO2,6,32,18
India,Delhi,Delhi,"Dwarka-Sector 8, Delhi - DPCC ","18-02-2026 16:00:00",28.5710274,77.0719006,PM2.5,60,369,196
India,Delhi,Delhi,"Dwarka-Sector 8, Delhi - DPCC ","18-02-2026 16:00:00",28.5710274,77.0719006,OZONE,10,97,34
India,Delhi,Delhi,"IGI Airport (T3), Delhi - IMD","18-02-2026 16:00:00",28.5627763,77.1180053,CO,9,101,45
India,Delhi,Delhi,"IHBAS, Dilshad Garden, Delhi - CPCB","18-02-2026 16:00:00",28.6811736,77.3025234,NH3,6,16,12
India,Delhi,Delhi,"ITO, Delhi - CPCB","18-02-2026 16:00:00",28.628624,77.241060,PM2.5,57,321,183
India,Delhi,Delhi,"Bawana, Delhi - DPCC","18-02-2026 16:00:00",28.776200,77.051074,PM2.5,68,456,258
India,Delhi,Delhi,"Bawana, Delhi - DPCC","18-02-2026 16:00:00",28.776200,77.051074,SO2,11,19,14
India,Delhi,Delhi,"Burari Crossing, Delhi - IMD","18-02-2026 16:00:00",28.7256504,77.2011573,PM2.5,22,388,217
India,Delhi,Delhi,"Burari Crossing, Delhi - IMD","18-02-2026 16:00:00",28.7256504,77.2011573,CO,25,114,45
India,Delhi,Delhi,"Burari Crossing, Delhi - IMD","18-02-2026 16:00:00",28.7256504,77.2011573,OZONE,11,150,12
India,Delhi,Delhi,"Chandni Chowk, Delhi - IITM","18-02-2026 16:00:00",28.656756,77.227234,NH3,5,14,9
India,Chhattisgarh,Bhilai,"Civic Center, Bhilai - Bhilai Steel Plant","18-02-2026 16:00:00",21.185571,81.343175,NO2,11,11,11
India,Chhattisgarh,Bhilai,"Civic Center, Bhilai - Bhilai Steel Plant","18-02-2026 16:00:00",21.185571,81.343175,SO2,6,11,8
India,Chhattisgarh,Bhilai,"Hathkhoj, Bhilai - CECB","18-02-2026 16:00:00",21.224231,81.408350,NO2,16,92,53
India,Chhattisgarh,Bhilai,"Hathkhoj, Bhilai - CECB","18-02-2026 16:00:00",21.224231,81.408350,CO,10,69,28
India,Chhattisgarh,Chhal,"Nawapara SECL Colony, Chhal - CECB","18-02-2026 16:00:00",22.118125,83.140608,PM2.5,25,71,45
India,Chhattisgarh,Chhal,"Nawapara SECL Colony, Chhal - CECB","18-02-2026 16:00:00",22.118125,83.140608,NH3,5,5,5
India,Delhi,Delhi,"Nehru Nagar, Delhi - DPCC","18-02-2026 16:00:00",28.567890,77.250515,NH3,7,14,10
India,Delhi,Delhi,"North Campus, DU, Delhi - IMD","18-02-2026 16:00:00",28.6573814,77.1585447,PM2.5,54,403,210
India,Delhi,Delhi,"North Campus, DU, Delhi - IMD","18-02-2026 16:00:00",28.6573814,77.1585447,PM10,60,418,201
India,Delhi,Delhi,"Patparganj, Delhi - DPCC","18-02-2026 16:00:00",28.623763,77.287209,NO2,10,87,54
India,Delhi,Delhi,"Patparganj, Delhi - DPCC","18-02-2026 16:00:00",28.623763,77.287209,NH3,7,10,9
India,Delhi,Delhi,"Patparganj, Delhi - DPCC","18-02-2026 16:00:00",28.623763,77.287209,OZONE,1,91,23
India,Delhi,Delhi,"Punjabi Bagh, Delhi - DPCC","18-02-2026 16:00:00",28.674045,77.131023,NO2,37,77,54
India,Delhi,Delhi,"Jahangirpuri, Delhi - DPCC","18-02-2026 16:00:00",28.732820,77.170633,PM10,89,438,250
India,Delhi,Delhi,"Jahangirpuri, Delhi - DPCC","18-02-2026 16:00:00",28.732820,77.170633,NO2,77,123,101
India,Delhi,Delhi,"Jahangirpuri, Delhi - DPCC","18-02-2026 16:00:00",28.732820,77.170633,SO2,48,68,57
India,Delhi,Delhi,"Jahangirpuri, Delhi - DPCC","18-02-2026 16:00:00",28.732820,77.170633,CO,24,122,53
India,Delhi,Delhi,"Lodhi Road, Delhi - IMD","18-02-2026 16:00:00",28.5918245,77.2273074,NO2,17,66,42
India,Delhi,Delhi,"Lodhi Road, Delhi - IMD","18-02-2026 16:00:00",28.5918245,77.2273074,OZONE,10,99,32
India,Delhi,Delhi,"Major Dhyan Chand National Stadium, Delhi - DPCC","18-02-2026 16:00:00",28.611281,77.237738,SO2,18,33,24
India,Delhi,Delhi,"Sirifort, Delhi - CPCB","18-02-2026 16:00:00",28.5504249,77.2159377,OZONE,8,26,10
India,Delhi,Delhi,"Sonia Vihar, Delhi - DPCC","18-02-2026 16:00:00",28.710508,77.249485,PM10,55,396,233
India,Delhi,Delhi,"Sonia Vihar, Delhi - DPCC","18-02-2026 16:00:00",28.710508,77.249485,NH3,5,9,7
India,Delhi,Delhi,"Sri Aurobindo Marg, Delhi - DPCC","18-02-2026 16:00:00",28.531346,77.190156,SO2,8,14,11
India,Delhi,Delhi,"Vivek Vihar, Delhi - DPCC","18-02-2026 16:00:00",28.672342,77.315260,SO2,14,47,23
India,Delhi,Delhi,"Wazirpur, Delhi - DPCC","18-02-2026 16:00:00",28.699793,77.165453,CO,68,118,95
India,Delhi,Delhi,"Mandir Marg, Delhi - DPCC","18-02-2026 16:00:00",28.636429,77.201067,PM10,95,305,152
India,Delhi,Delhi,"Mandir Marg, Delhi - DPCC","18-02-2026 16:00:00",28.636429,77.201067,NO2,16,241,121
India,Delhi,Delhi,"Mandir Marg, Delhi - DPCC","18-02-2026 16:00:00",28.636429,77.201067,NH3,4,10,7
India,Delhi,Delhi,"Mandir Marg, Delhi - DPCC","18-02-2026 16:00:00",28.636429,77.201067,SO2,12,52,27
India,Delhi,Delhi,"Mundka, Delhi - DPCC","18-02-2026 16:00:00",28.684678,77.076574,PM2.5,68,438,221
India,Delhi,Delhi,"Mundka, Delhi - DPCC","18-02-2026 16:00:00",28.684678,77.076574,SO2,3,36,27
India,Delhi,Delhi,"Najafgarh, Delhi - DPCC","18-02-2026 16:00:00",28.570173,76.933762,NH3,12,14,13
India,Delhi,Delhi,"Narela, Delhi - DPCC","18-02-2026 16:00:00",28.822836,77.101981,PM2.5,56,346,243
India,Delhi,Delhi,"Narela, Delhi - DPCC","18-02-2026 16:00:00",28.822836,77.101981,NH3,6,8,7
India,Gujarat,Ahmedabad,"Maninagar, Ahmedabad - GPCB","18-02-2026 16:00:00",23.002657,72.591912,OZONE,35,108,74
India,Gujarat,Ahmedabad,"Raikhad, Ahmedabad - IITM","18-02-2026 16:00:00",23.020509,72.579261,PM10,119,199,149
India,Gujarat,Ahmedabad,"Raikhad, Ahmedabad - IITM","18-02-2026 16:00:00",23.020509,72.579261,SO2,14,123,32
India,Gujarat,Ahmedabad,"Raikhad, Ahmedabad - IITM","18-02-2026 16:00:00",23.020509,72.579261,OZONE,2,68,35
India,Gujarat,Ahmedabad,"Chandkheda, Ahmedabad - IITM","18-02-2026 16:00:00",23.107969,72.574648,NH3,4,5,4
India,Gujarat,Ahmedabad,"Gyaspur, Ahmedabad - IITM","18-02-2026 16:00:00",22.977134,72.553024,SO2,15,128,78
India,Gujarat,Ahmedabad,"Maninagar, Ahmedabad - GPCB","18-02-2026 16:00:00",23.002657,72.591912,NO2,91,104,100
India,Delhi,Delhi,"Punjabi Bagh, Delhi - DPCC","18-02-2026 16:00:00",28.674045,77.131023,OZONE,4,56,18
India,Delhi,Delhi,"Pusa, Delhi - IMD","18-02-2026 16:00:00",28.636110,77.173332,CO,82,128,99
India,Delhi,Delhi,"Pusa, Delhi - IMD","18-02-2026 16:00:00",28.636110,77.173332,OZONE,10,238,55
India,Delhi,Delhi,"Sirifort, Delhi - CPCB","18-02-2026 16:00:00",28.5504249,77.2159377,PM2.5,80,361,237
India,Gujarat,Vatva,"Phase-4 GIDC, Vatva - GPCB","18-02-2026 16:00:00",22.969611,72.643500,OZONE,28,50,38
India,Haryana,Ambala,"Patti Mehar, Ambala - HSPCB","18-02-2026 16:00:00",30.379589,76.778328,NO2,20,25,22
India,Haryana,Bahadurgarh,"Arya Nagar, Bahadurgarh - HSPCB","18-02-2026 16:00:00",28.6701,76.9254,NH3,12,13,13
India,Haryana,Bahadurgarh,"Arya Nagar, Bahadurgarh - HSPCB","18-02-2026 16:00:00",28.6701,76.9254,SO2,6,7,7
India,Haryana,Bhiwani,"H.B. Colony, Bhiwani - HSPCB","18-02-2026 16:00:00",28.806223,76.141105,PM2.5,56,439,127
India,Haryana,Bhiwani,"H.B. Colony, Bhiwani - HSPCB","18-02-2026 16:00:00",28.806223,76.141105,NO2,7,10,8
India,Haryana,"Charkhi Dadri","Mini Secretariat, Charkhi Dadri - HSPCB","18-02-2026 16:00:00",28.593883,76.270653,NH3,5,8,6
India,Haryana,Dharuhera,"Municipal Corporation Office, Dharuhera -  HSPCB","18-02-2026 16:00:00",28.206800,76.799700,PM10,106,231,158
India,Gujarat,Gandhinagar,"GIFT City, Gandhinagar - IITM","18-02-2026 16:00:00",23.163798,72.677768,PM10,116,339,182
India,Gujarat,Gandhinagar,"GIFT City, Gandhinagar - IITM","18-02-2026 16:00:00",23.163798,72.677768,SO2,6,12,9
India,Gujarat,Gandhinagar,"GIFT City, Gandhinagar - IITM","18-02-2026 16:00:00",23.163798,72.677768,OZONE,2,97,46
India,Gujarat,Gandhinagar,"IIPHG Lekawada, Gandhinagar - IITM","18-02-2026 16:00:00",23.243639,72.68994,NO2,9,47,24
India,Gujarat,Gandhinagar,"IIPHG Lekawada, Gandhinagar - IITM","18-02-2026 16:00:00",23.243639,72.68994,SO2,5,7,6
India,Gujarat,Gandhinagar,"Sector-10, Gandhinagar - GPCB","18-02-2026 16:00:00",23.221714,72.654328,NH3,2,4,3
India,Gujarat,Gandhinagar,"Sector-10, Gandhinagar - GPCB","18-02-2026 16:00:00",23.221714,72.654328,OZONE,5,104,59
India,Gujarat,Mehsana,"Sadanand Nagar, Mehsana - Nexteng Enviro","18-02-2026 16:00:00",23.593150,72.372792,PM2.5,20,127,65
India,Haryana,Dharuhera,"Municipal Corporation Office, Dharuhera -  HSPCB","18-02-2026 16:00:00",28.206800,76.799700,NO2,20,68,50
India,Haryana,Faridabad,"New Industrial Town, Faridabad - HSPCB","18-02-2026 16:00:00",28.39072,77.30059,PM10,129,138,133
India,Haryana,Faridabad,"New Industrial Town, Faridabad - HSPCB","18-02-2026 16:00:00",28.39072,77.30059,NH3,11,12,11
India,Haryana,Faridabad,"Sector 11, Faridabad - HSPCB","18-02-2026 16:00:00",28.376058,77.315741,PM2.5,50,392,207
India,Haryana,Faridabad,"Sector 11, Faridabad - HSPCB","18-02-2026 16:00:00",28.376058,77.315741,PM10,57,371,143
India,Haryana,Faridabad,"Sector 11, Faridabad - HSPCB","18-02-2026 16:00:00",28.376058,77.315741,NO2,30,33,32
India,Haryana,Gurugram,"NISE Gwal Pahari, Gurugram - IMD","18-02-2026 16:00:00",28.422681,77.148944,PM10,91,244,162
India,Gujarat,Surat,"Katargam, Surat - Nexteng Enviro","18-02-2026 16:00:00","21.217779 ","72.834787 ",NO2,12,69,36
India,Gujarat,Surat,"Katargam, Surat - Nexteng Enviro","18-02-2026 16:00:00","21.217779 ","72.834787 ",SO2,16,104,51
India,Gujarat,Surat,"Katargam, Surat - Nexteng Enviro","18-02-2026 16:00:00","21.217779 ","72.834787 ",CO,121,132,127
India,Gujarat,Vadodara,"Bapunagar, Vadodara - Nexteng Enviro","18-02-2026 16:00:00",22.320153,73.216285,SO2,1,22,9
India,Gujarat,Vapi,"Phase-1 GIDC, Vapi - GPCB","18-02-2026 16:00:00",20.362421,72.918013,NO2,13,27,17
India,Gujarat,Vapi,"Phase-1 GIDC, Vapi - GPCB","18-02-2026 16:00:00",20.362421,72.918013,SO2,9,28,15
India,Haryana,Gurugram,"Sector-51, Gurugram - HSPCB","18-02-2026 16:00:00",28.4227,77.0667,PM2.5,115,371,265
India,Haryana,Gurugram,"Vikas Sadan, Gurugram - HSPCB","18-02-2026 16:00:00",28.4501238,77.0263051,PM10,67,493,208
India,Haryana,Gurugram,"Vikas Sadan, Gurugram - HSPCB","18-02-2026 16:00:00",28.4501238,77.0263051,CO,66,114,92
India,Haryana,Hisar,"Urban Estate-II, Hisar - HSPCB","18-02-2026 16:00:00",29.140560,75.744941,CO,28,41,37
India,Haryana,Kaithal,"Rishi Nagar, Kaithal - HSPCB","18-02-2026 16:00:00",29.8006,76.4155,NH3,5,6,6
India,Gujarat,Ahmedabad,"SAC ISRO Bopal, Ahmedabad - IITM","18-02-2026 16:00:00",23.041137,72.456691,PM10,65,156,114
India,Gujarat,Ahmedabad,"SAC ISRO Bopal, Ahmedabad - IITM","18-02-2026 16:00:00",23.041137,72.456691,NO2,10,43,25
India,Gujarat,Ahmedabad,"SAC ISRO Satellite, Ahmedabad - IITM","18-02-2026 16:00:00",23.023389,72.515201,PM2.5,83,196,126
India,Gujarat,Ahmedabad,"SVPI Airport Hansol, Ahmedabad - IITM","18-02-2026 16:00:00",23.076793,72.627874,PM2.5,56,128,83
India,Gujarat,Bhavnagar,"Vidhyanagar, Bhavnagar - Nexteng Enviro","18-02-2026 16:00:00",21.755417,72.139056,SO2,15,104,43
India,Haryana,Palwal,"Shyam Nagar, Palwal - HSPCB","18-02-2026 16:00:00",28.1485564,77.3320667,PM2.5,43,67,56
India,Haryana,Panipat,"Sector-18, Panipat - HSPCB","18-02-2026 16:00:00",29.432304,76.972765,NH3,2,3,3
India,Haryana,Rohtak,"MD University, Rohtak - HSPCB","18-02-2026 16:00:00",28.52123,76.37138,PM2.5,1,340,156
India,Haryana,Rohtak,"MD University, Rohtak - HSPCB","18-02-2026 16:00:00",28.52123,76.37138,PM10,1,197,92
India,Haryana,Sirsa,"F-Block, Sirsa - HSPCB","18-02-2026 16:00:00",29.536400,75.015800,PM2.5,5,340,43
India,Haryana,Kaithal,"Rishi Nagar, Kaithal - HSPCB","18-02-2026 16:00:00",29.8006,76.4155,OZONE,6,20,16
India,Haryana,Karnal,"Sector-12, Karnal - HSPCB","18-02-2026 16:00:00",29.695300,77.002700,NH3,6,6,6
India,Haryana,Kurukshetra,"Sector-7, Kurukshetra - HSPCB","18-02-2026 16:00:00",29.966942,76.875879,PM2.5,48,309,145
India,Haryana,Narnaul,"Shastri Nagar, Narnaul - HSPCB","18-02-2026 16:00:00",28.060249,76.113115,SO2,4,5,4
India,Gujarat,Rajkot,"Mavdi, Rajkot - Nexteng Enviro ","18-02-2026 16:00:00",22.248853,70.776774,PM2.5,3,144,69
India,Haryana,Sirsa,"F-Block, Sirsa - HSPCB","18-02-2026 16:00:00",29.536400,75.015800,CO,30,66,39
India,Haryana,Sonipat,"Murthal, Sonipat - HSPCB","18-02-2026 16:00:00",29.027200,77.062100,PM2.5,55,265,136
India,Jammu_and_Kashmir,Pampore,"Khrew, Pampore - JKPCC","18-02-2026 16:00:00",34.031606,75.009712,SO2,2,3,2
India,Jammu_and_Kashmir,Srinagar,"Khunmoh, Srinagar - JKPCC","18-02-2026 16:00:00",34.06313,74.96017,NO2,11,51,27
India,Jammu_and_Kashmir,Srinagar,"Rajbagh, Srinagar - JKPCC","18-02-2026 16:00:00",34.066206,74.819820,PM2.5,21,43,29
India,Jharkhand,Dhanbad,"Sardar Patel Nagar, Dhanbad - JSPCB","18-02-2026 16:00:00",23.80569,86.44268,PM10,21,275,126
India,Karnataka,Bagalkot,"Vidayagiri, Bagalkot - KSPCB","18-02-2026 16:00:00",16.172806,75.659694,NO2,11,12,12
India,Karnataka,Bagalkot,"Vidayagiri, Bagalkot - KSPCB","18-02-2026 16:00:00",16.172806,75.659694,NH3,1,2,1
India,Karnataka,Bagalkot,"Vidayagiri, Bagalkot - KSPCB","18-02-2026 16:00:00",16.172806,75.659694,CO,6,38,22
India,Karnataka,Bengaluru,"BTM Layout, Bengaluru - CPCB","18-02-2026 16:00:00",12.9135218,77.5950804,PM10,101,103,102
India,Karnataka,Bengaluru,"BWSSB Kadabesanahalli, Bengaluru - CPCB","18-02-2026 16:00:00",12.9352049,77.6814488,OZONE,25,54,37
India,Karnataka,Bengaluru,"Bapuji Nagar, Bengaluru - KSPCB","18-02-2026 16:00:00",12.951913,77.539784,NH3,6,8,7
India,Karnataka,Bengaluru,"Bapuji Nagar, Bengaluru - KSPCB","18-02-2026 16:00:00",12.951913,77.539784,OZONE,76,303,268
India,Karnataka,Bengaluru,"City Railway Station, Bengaluru - KSPCB","18-02-2026 16:00:00",12.9756843,77.5660749,PM10,91,93,92
India,Karnataka,Bengaluru,"Hebbal, Bengaluru - KSPCB","18-02-2026 16:00:00",13.029152,77.585901,SO2,10,20,14
India,Karnataka,Bengaluru,"Hebbal, Bengaluru - KSPCB","18-02-2026 16:00:00",13.029152,77.585901,OZONE,6,17,10
India,Karnataka,Bengaluru,"Hombegowda Nagar, Bengaluru - KSPCB","18-02-2026 16:00:00",12.938539,77.590100,PM2.5,38,75,58
India,Karnataka,Bengaluru,"Hombegowda Nagar, Bengaluru - KSPCB","18-02-2026 16:00:00",12.938539,77.590100,CO,9,24,13
India,Karnataka,Bengaluru,"Jigani, Bengaluru - KSPCB","18-02-2026 16:00:00",12.7816279,77.6299145,SO2,19,20,20
India,Karnataka,Bengaluru,"Jigani, Bengaluru - KSPCB","18-02-2026 16:00:00",12.7816279,77.6299145,CO,42,44,43
India,Karnataka,Bengaluru,"Kasturi Nagar, Bengaluru - KSPCB","18-02-2026 16:00:00",13.003872,77.664217,CO,28,50,44
India,Karnataka,Bengaluru,"Peenya, Bengaluru - CPCB","18-02-2026 16:00:00",13.0270199,77.494094,PM2.5,18,42,32
India,Karnataka,Bengaluru,"Peenya, Bengaluru - CPCB","18-02-2026 16:00:00",13.0270199,77.494094,NH3,3,6,4
India,Karnataka,Bengaluru,"RVCE-Mailasandra, Bengaluru - KSPCB","18-02-2026 16:00:00",12.921418,77.502466,PM2.5,10,378,130
India,Karnataka,Bengaluru,"Sanegurava Halli, Bengaluru - KSPCB","18-02-2026 16:00:00",12.990328,77.5431385,SO2,6,6,6
India,Karnataka,Bengaluru,"Shivapura_Peenya, Bengaluru - KSPCB","18-02-2026 16:00:00",13.0246342,77.5080115,PM2.5,28,50,37
India,Karnataka,Bengaluru,"Shivapura_Peenya, Bengaluru - KSPCB","18-02-2026 16:00:00",13.0246342,77.5080115,SO2,3,8,5
India,Karnataka,Bengaluru,"Silk Board, Bengaluru - KSPCB","18-02-2026 16:00:00",12.917348,77.622813,NO2,39,105,64
India,Karnataka,Chikkaballapur,"Chikkaballapur Rural, Chikkaballapur - KSPCB","18-02-2026 16:00:00",13.428828,77.731418,PM2.5,47,92,72
India,Karnataka,Chikkaballapur,"Chikkaballapur Rural, Chikkaballapur - KSPCB","18-02-2026 16:00:00",13.428828,77.731418,CO,4,31,8
India,Karnataka,Chikkamagaluru,"Kalyana Nagara, Chikkamagaluru - KSPCB","18-02-2026 16:00:00",13.328028,75.797056,PM10,58,69,64
India,Karnataka,Dharwad,"Kalabhavan, Dharwad - KSPCB","18-02-2026 16:00:00",15.459706,75.008381,SO2,12,12,12
India,Karnataka,Hubballi,"Lingaraj Nagar, Hubballi - KSPCB","18-02-2026 16:00:00",15.3714823,75.1160168,PM2.5,42,60,46
India,Karnataka,Kalaburagi,"Mahatma Basaveswar Colony, Kalaburgi - KSPCB","18-02-2026 16:00:00",17.336318,76.847397,PM10,24,73,57
India,Karnataka,Madikeri,"Stuart Hill, Madikeri - KSPCB","18-02-2026 16:00:00",12.415911,75.735050,SO2,7,7,7
India,Karnataka,Mysuru,"Hebbal 1st Stage, Mysuru - KSPCB","18-02-2026 16:00:00",12.21041,76.37376,PM2.5,38,130,65
India,Karnataka,Mysuru,"Hebbal 1st Stage, Mysuru - KSPCB","18-02-2026 16:00:00",12.21041,76.37376,SO2,2,17,5
India,Karnataka,Shivamogga,"Vinoba Nagara, Shivamogga - KSPCB","18-02-2026 16:00:00",13.940000,75.555917,SO2,1,6,5
India,Karnataka,Tumakuru,"Thimmalapura, Tumakuru - KSPCB","18-02-2026 16:00:00",13.377516,77.099072,PM2.5,90,149,109
India,Karnataka,Tumakuru,"Thimmalapura, Tumakuru - KSPCB","18-02-2026 16:00:00",13.377516,77.099072,NH3,6,6,6
India,Karnataka,Tumakuru,"Thimmalapura, Tumakuru - KSPCB","18-02-2026 16:00:00",13.377516,77.099072,CO,53,55,54
India,Andhra_Pradesh,Vijayawada,"Rajiv Nagar, Vijayawada - APPCB","18-02-2026 16:00:00",16.554731,80.649110,PM10,NA,NA,NA
India,Andhra_Pradesh,Vijayawada,"Rajiv Nagar, Vijayawada - APPCB","18-02-2026 16:00:00",16.554731,80.649110,CO,26,42,38
India,Andhra_Pradesh,Vijayawada,"Rajiv Nagar, Vijayawada - APPCB","18-02-2026 16:00:00",16.554731,80.649110,OZONE,26,31,29
India,Andhra_Pradesh,Visakhapatnam,"GVM Corporation, Visakhapatnam - APPCB","18-02-2026 16:00:00",17.72,83.3,NO2,16,146,66
India,Arunachal_Pradesh,Naharlagun,"Naharlagun, Naharlagun - APSPCB","18-02-2026 16:00:00",27.103358,93.679645,NH3,1,1,1
India,Assam,Byrnihat,"Central Academy for SFS, Byrnihat - PCBA","18-02-2026 16:00:00",26.071318,91.87488,NO2,4,11,7
India,Assam,Byrnihat,"Central Academy for SFS, Byrnihat - PCBA","18-02-2026 16:00:00",26.071318,91.87488,NH3,4,4,4
India,Assam,Byrnihat,"Central Academy for SFS, Byrnihat - PCBA","18-02-2026 16:00:00",26.071318,91.87488,OZONE,13,29,19
India,Assam,Guwahati,"LGBI Airport, Guwahati - PCBA","18-02-2026 16:00:00",26.10887,91.589544,NO2,9,40,17
India,Assam,Guwahati,"LGBI Airport, Guwahati - PCBA","18-02-2026 16:00:00",26.10887,91.589544,NH3,4,7,5
India,Bihar,Aurangabad,"Gurdeo Nagar, Aurangabad - BSPCB","18-02-2026 16:00:00",24.75746,84.366208,NH3,1,2,2
India,Bihar,Aurangabad,"Gurdeo Nagar, Aurangabad - BSPCB","18-02-2026 16:00:00",24.75746,84.366208,CO,28,103,91
India,Bihar,Begusarai,"Lohiyanagar, Begusarai - BSPCB","18-02-2026 16:00:00",25.42742023,86.13886079,PM10,54,141,105
India,Bihar,Begusarai,"Lohiyanagar, Begusarai - BSPCB","18-02-2026 16:00:00",25.42742023,86.13886079,NH3,6,11,10
India,Bihar,Begusarai,"Lohiyanagar, Begusarai - BSPCB","18-02-2026 16:00:00",25.42742023,86.13886079,SO2,21,26,24
India,Bihar,Bettiah,"Kamalnath Nagar, Bettiah - BSPCB","18-02-2026 16:00:00",26.80365,84.51954,CO,56,128,80
India,Bihar,Bhagalpur,"DM Office_Kachari Chowk, Bhagalpur - BSPCB","18-02-2026 16:00:00",25.251013,86.989001,NH3,1,1,1
India,Bihar,Bhagalpur,"Mayaganj, Bhagalpur - BSPCB","18-02-2026 16:00:00",25.265194,87.012947,NH3,6,8,7
India,Bihar,Bhagalpur,"Mayaganj, Bhagalpur - BSPCB","18-02-2026 16:00:00",25.265194,87.012947,SO2,51,63,58
India,Andhra_Pradesh,Amaravati,"Secretariat, Amaravati - APPCB","18-02-2026 16:00:00",16.5150833,80.5181667,NO2,16,36,24
India,Andhra_Pradesh,Amaravati,"Secretariat, Amaravati - APPCB","18-02-2026 16:00:00",16.5150833,80.5181667,OZONE,6,55,41
India,Andhra_Pradesh,Anantapur,"Gulzarpet, Anantapur - APPCB","18-02-2026 16:00:00",14.675886,77.593027,PM10,50,58,55
India,Andhra_Pradesh,Chittoor,"Gangineni Cheruvu, Chittoor - APPCB","18-02-2026 16:00:00",13.204880,79.097889,SO2,10,15,12
India,Andhra_Pradesh,Chittoor,"Gangineni Cheruvu, Chittoor - APPCB","18-02-2026 16:00:00",13.204880,79.097889,OZONE,29,46,40
India,Andhra_Pradesh,Kadapa,"Yerramukkapalli, Kadapa - APPCB","18-02-2026 16:00:00",14.465052,78.824187,NO2,17,25,18
India,Andhra_Pradesh,Kadapa,"Yerramukkapalli, Kadapa - APPCB","18-02-2026 16:00:00",14.465052,78.824187,SO2,13,20,14
India,Andhra_Pradesh,Rajamahendravaram,"Anand Kala Kshetram, Rajamahendravaram - APPCB","18-02-2026 16:00:00",16.9872867,81.7363176,SO2,5,14,10
India,Bihar,Patna,"Govt. High School Shikarpur, Patna - BSPCB","18-02-2026 16:00:00",25.592539,85.227158,PM10,97,159,133
India,Bihar,Patna,"Govt. High School Shikarpur, Patna - BSPCB","18-02-2026 16:00:00",25.592539,85.227158,NH3,4,5,5
India,Bihar,Patna,"IGSC Planetarium Complex, Patna - BSPCB","18-02-2026 16:00:00",25.610369,85.132568,NO2,2,2,2
India,Bihar,Patna,"Muradpur, Patna - BSPCB","18-02-2026 16:00:00",25.619651,85.147382,PM2.5,77,150,109
India,Bihar,Patna,"Rajbansi Nagar, Patna - BSPCB","18-02-2026 16:00:00",25.599486,85.113666,PM2.5,76,109,93
India,Bihar,Patna,"Rajbansi Nagar, Patna - BSPCB","18-02-2026 16:00:00",25.599486,85.113666,NO2,39,74,57
India,Bihar,Patna,"Rajbansi Nagar, Patna - BSPCB","18-02-2026 16:00:00",25.599486,85.113666,OZONE,1,41,29
India,Bihar,Patna,"Samanpura, Patna - BSPCB","18-02-2026 16:00:00",25.596727,85.085624,NO2,18,38,23
India,Bihar,"Bihar Sharif","D M Colony, Bihar Sharif - BSPCB","18-02-2026 16:00:00",25.204762,85.514960,PM2.5,53,143,85
India,Bihar,"Bihar Sharif","D M Colony, Bihar Sharif - BSPCB","18-02-2026 16:00:00",25.204762,85.514960,NO2,8,10,9
India,Bihar,Buxar,"Charitra Van, Buxar - BSPCB","18-02-2026 16:00:00",25.567520,83.966379,NO2,9,10,10
India,Bihar,Buxar,"Charitra Van, Buxar - BSPCB","18-02-2026 16:00:00",25.567520,83.966379,CO,20,28,24
India,Bihar,Buxar,"Charitra Van, Buxar - BSPCB","18-02-2026 16:00:00",25.567520,83.966379,OZONE,3,36,25
India,Bihar,Gaya,"SFTI Kusdihra, Gaya - BSPCB","18-02-2026 16:00:00",24.762518,84.982348,PM10,NA,NA,NA
India,Bihar,Gaya,"SFTI Kusdihra, Gaya - BSPCB","18-02-2026 16:00:00",24.762518,84.982348,NO2,17,37,26
India,Bihar,Gaya,"SFTI Kusdihra, Gaya - BSPCB","18-02-2026 16:00:00",24.762518,84.982348,NH3,2,6,4
India,Assam,Silchar,"Tarapur, Silchar - PCBA","18-02-2026 16:00:00",24.82827,92.79525,SO2,4,8,6
India,Assam,Silchar,"Tarapur, Silchar - PCBA","18-02-2026 16:00:00",24.82827,92.79525,OZONE,2,8,5
India,Assam,Sivasagar,"Girls College, Sivasagar - PCBA","18-02-2026 16:00:00",26.987634,94.636574,NH3,7,30,15
India,Bihar,Araria,"Kharahiya Basti, Araria - BSPCB","18-02-2026 16:00:00",26.146529,87.454184,NO2,1,12,4
India,Bihar,Araria,"Kharahiya Basti, Araria - BSPCB","18-02-2026 16:00:00",26.146529,87.454184,NH3,4,5,4
India,Bihar,Araria,"Kharahiya Basti, Araria - BSPCB","18-02-2026 16:00:00",26.146529,87.454184,SO2,3,54,26
India,Bihar,Aurangabad,"Gurdeo Nagar, Aurangabad - BSPCB","18-02-2026 16:00:00",24.75746,84.366208,NO2,7,8,8
India,Assam,Guwahati,"Pan Bazaar, Guwahati - PCBA","18-02-2026 16:00:00",26.187500,91.744194,NO2,NA,NA,NA
India,Assam,Guwahati,"Pan Bazaar, Guwahati - PCBA","18-02-2026 16:00:00",26.187500,91.744194,SO2,28,62,46
India,Assam,Guwahati,"Railway Colony, Guwahati - PCBA","18-02-2026 16:00:00",26.181742,91.78063,NO2,3,3,3
India,Assam,Guwahati,"Railway Colony, Guwahati - PCBA","18-02-2026 16:00:00",26.181742,91.78063,SO2,23,26,25
India,Assam,Nagaon,"Christianpatty, Nagaon - PCBA","18-02-2026 16:00:00",26.349082,92.68449,NO2,1,2,1
India,Assam,Nagaon,"Christianpatty, Nagaon - PCBA","18-02-2026 16:00:00",26.349082,92.68449,CO,4,26,20
India,Assam,Nalbari,"Bata Chowk, Nalbari - PCBA","18-02-2026 16:00:00",26.446912,91.439057,PM10,NA,NA,NA
India,Assam,Nalbari,"Bata Chowk, Nalbari - PCBA","18-02-2026 16:00:00",26.446912,91.439057,SO2,NA,NA,NA
India,Andhra_Pradesh,Rajamahendravaram,"Anand Kala Kshetram, Rajamahendravaram - APPCB","18-02-2026 16:00:00",16.9872867,81.7363176,OZONE,9,30,24
India,Andhra_Pradesh,Tirupati,"Vaikuntapuram, Tirupati - APPCB","18-02-2026 16:00:00",13.615387,79.409230,NO2,27,33,29
India,Andhra_Pradesh,Tirupati,"Vaikuntapuram, Tirupati - APPCB","18-02-2026 16:00:00",13.615387,79.409230,SO2,11,17,14
India,Andhra_Pradesh,Tirupati,"Vaikuntapuram, Tirupati - APPCB","18-02-2026 16:00:00",13.615387,79.409230,OZONE,14,26,20
India,Andhra_Pradesh,Vijayawada,"Kanuru, Vijayawada - APPCB","18-02-2026 16:00:00",16.486692,80.699436,SO2,7,15,11
India,Andhra_Pradesh,Vijayawada,"Rajiv Gandhi Park, Vijayawada - APPCB","18-02-2026 16:00:00",16.509717,80.612222,CO,28,36,33
India,Bihar,Katihar,"Mirchaibari, Katihar - BSPCB","18-02-2026 16:00:00",25.560083,87.553265,SO2,15,26,22
India,Bihar,Kishanganj,"SDM Office_Khagra, Kishanganj - BSPCB","18-02-2026 16:00:00",26.0881305,87.93840336,PM10,41,121,86
India,Bihar,Kishanganj,"SDM Office_Khagra, Kishanganj - BSPCB","18-02-2026 16:00:00",26.0881305,87.93840336,SO2,4,7,6
India,Bihar,Manguraha,"Forest Rest House, Manguraha - BSPCB","18-02-2026 16:00:00",27.308328,84.531742,NO2,4,14,7
India,Bihar,Manguraha,"Forest Rest House, Manguraha - BSPCB","18-02-2026 16:00:00",27.308328,84.531742,CO,32,33,32
India,Bihar,Muzaffarpur,"Buddha Colony, Muzaffarpur - BSPCB","18-02-2026 16:00:00",26.11442,85.39813,NO2,22,64,32
India,Bihar,Patna,"DRM Office Danapur, Patna - BSPCB","18-02-2026 16:00:00",25.586562,85.043586,PM2.5,24,317,142
India,Bihar,Patna,"DRM Office Danapur, Patna - BSPCB","18-02-2026 16:00:00",25.586562,85.043586,NO2,46,58,51
India,Delhi,Delhi,"DTU, Delhi - CPCB","18-02-2026 16:00:00",28.7500499,77.1112615,NH3,9,14,12
India,Delhi,Delhi,"DTU, Delhi - CPCB","18-02-2026 16:00:00",28.7500499,77.1112615,SO2,32,38,35
India,Delhi,Delhi,"DTU, Delhi - CPCB","18-02-2026 16:00:00",28.7500499,77.1112615,OZONE,6,32,12
India,Delhi,Delhi,"Dr. Karni Singh Shooting Range, Delhi - DPCC","18-02-2026 16:00:00",28.498571,77.264840,PM2.5,55,339,216
India,Delhi,Delhi,"Dr. Karni Singh Shooting Range, Delhi - DPCC","18-02-2026 16:00:00",28.498571,77.264840,SO2,11,20,14
India,Delhi,Delhi,"Dr. Karni Singh Shooting Range, Delhi - DPCC","18-02-2026 16:00:00",28.498571,77.264840,OZONE,5,124,31
India,Delhi,Delhi,"IGI Airport (T3), Delhi - IMD","18-02-2026 16:00:00",28.5627763,77.1180053,PM10,44,285,173
India,Delhi,Delhi,"IHBAS, Dilshad Garden, Delhi - CPCB","18-02-2026 16:00:00",28.6811736,77.3025234,CO,25,101,53
India,Delhi,Delhi,"IIT Delhi, Delhi - IITM","18-02-2026 16:00:00",28.542460,77.191651,PM2.5,59,321,182
India,Delhi,Delhi,"IIT Delhi, Delhi - IITM","18-02-2026 16:00:00",28.542460,77.191651,PM10,65,263,163
India,Delhi,Delhi,"IIT Delhi, Delhi - IITM","18-02-2026 16:00:00",28.542460,77.191651,NO2,18,97,47
India,Delhi,Delhi,"IIT Delhi, Delhi - IITM","18-02-2026 16:00:00",28.542460,77.191651,OZONE,2,59,14
India,Delhi,Delhi,"ITO, Delhi - CPCB","18-02-2026 16:00:00",28.628624,77.241060,NO2,3,125,65
India,Delhi,Delhi,"ITO, Delhi - CPCB","18-02-2026 16:00:00",28.628624,77.241060,NH3,1,8,4
India,Delhi,Delhi,"ITO, Delhi - CPCB","18-02-2026 16:00:00",28.628624,77.241060,OZONE,19,23,20
India,Delhi,Delhi,"Jahangirpuri, Delhi - DPCC","18-02-2026 16:00:00",28.732820,77.170633,OZONE,4,40,10
India,Delhi,Delhi,"Jawaharlal Nehru Stadium, Delhi - DPCC","18-02-2026 16:00:00",28.580280,77.233829,NO2,47,136,89
India,Delhi,Delhi,"Jawaharlal Nehru Stadium, Delhi - DPCC","18-02-2026 16:00:00",28.580280,77.233829,CO,37,101,43
India,Delhi,Delhi,"Jawaharlal Nehru Stadium, Delhi - DPCC","18-02-2026 16:00:00",28.580280,77.233829,OZONE,1,92,30
India,Delhi,Delhi,"Major Dhyan Chand National Stadium, Delhi - DPCC","18-02-2026 16:00:00",28.611281,77.237738,PM10,70,239,174
India,Bihar,Siwan,"Chitragupta Nagar, Siwan - BSPCB","18-02-2026 16:00:00",26.2271665,84.3570427,OZONE,14,15,14
India,Chandigarh,Chandigarh,"Sector 22, Chandigarh - CPCC","18-02-2026 16:00:00",30.735567,76.775714,PM2.5,20,107,61
India,Chandigarh,Chandigarh,"Sector 22, Chandigarh - CPCC","18-02-2026 16:00:00",30.735567,76.775714,NH3,5,15,13
India,Chandigarh,Chandigarh,"Sector-25, Chandigarh - CPCC","18-02-2026 16:00:00",30.751462,76.762879,OZONE,1,54,22
India,Chandigarh,Chandigarh,"Sector-53, Chandigarh - CPCC","18-02-2026 16:00:00",30.719859,76.738637,PM2.5,18,113,62
India,Chhattisgarh,Bhilai,"32Bungalows, Bhilai - CECB","18-02-2026 16:00:00",21.194815,81.314770,PM2.5,14,49,28
India,Chhattisgarh,Bhilai,"32Bungalows, Bhilai - CECB","18-02-2026 16:00:00",21.194815,81.314770,SO2,6,9,8
India,Bihar,Rajgir,"Dangi Tola, Rajgir - BSPCB","18-02-2026 16:00:00",25.03280,85.41948,OZONE,27,29,28
India,Bihar,Samastipur,"DM Office_Kasipur, Samastipur - BSPCB","18-02-2026 16:00:00",25.859655,85.77944,NO2,8,9,8
India,Bihar,Samastipur,"DM Office_Kasipur, Samastipur - BSPCB","18-02-2026 16:00:00",25.859655,85.77944,NH3,1,1,1
India,Bihar,Samastipur,"DM Office_Kasipur, Samastipur - BSPCB","18-02-2026 16:00:00",25.859655,85.77944,OZONE,7,9,8
India,Bihar,Sasaram,"Dada Peer, Sasaram - BSPCB","18-02-2026 16:00:00",24.952822,84.002396,SO2,NA,NA,NA
India,Bihar,Sasaram,"Dada Peer, Sasaram - BSPCB","18-02-2026 16:00:00",24.952822,84.002396,CO,48,81,55
India,Bihar,Siwan,"Chitragupta Nagar, Siwan - BSPCB","18-02-2026 16:00:00",26.2271665,84.3570427,PM2.5,45,77,59
India,Bihar,Siwan,"Chitragupta Nagar, Siwan - BSPCB","18-02-2026 16:00:00",26.2271665,84.3570427,NO2,2,2,2
India,Chhattisgarh,Milupara,"Govt. Higher Secondary School, Milupara - CECB","18-02-2026 16:00:00",22.1910172,83.5197009,SO2,12,19,14
India,Chhattisgarh,Milupara,"Govt. Higher Secondary School, Milupara - CECB","18-02-2026 16:00:00",22.1910172,83.5197009,CO,14,40,18
India,Chhattisgarh,Raipur,"Krishak Nagar, Raipur - CECB","18-02-2026 16:00:00",21.237755,81.705301,NO2,16,26,20
India,Chhattisgarh,Raipur,"Siltara Phase-II, Raipur - CECB","18-02-2026 16:00:00",21.371751,81.664929,SO2,3,3,3
India,Chhattisgarh,Tumidih,"OP Jindal Industrial Park, Tumidih - CECB","18-02-2026 16:00:00",22.06631475,83.33820077,PM10,NA,NA,NA
India,Delhi,Delhi,"Bawana, Delhi - DPCC","18-02-2026 16:00:00",28.776200,77.051074,PM10,48,426,229
India,Delhi,Delhi,"Burari Crossing, Delhi - IMD","18-02-2026 16:00:00",28.7256504,77.2011573,PM10,62,411,226
India,Delhi,Delhi,"Burari Crossing, Delhi - IMD","18-02-2026 16:00:00",28.7256504,77.2011573,NO2,52,138,94
India,Delhi,Delhi,"CRRI Mathura Road, Delhi - IMD","18-02-2026 16:00:00",28.5512005,77.2735737,PM10,94,363,191
India,Delhi,Delhi,"CRRI Mathura Road, Delhi - IMD","18-02-2026 16:00:00",28.5512005,77.2735737,CO,4,106,63
India,Delhi,Delhi,"Chandni Chowk, Delhi - IITM","18-02-2026 16:00:00",28.656756,77.227234,PM10,108,461,275
India,Chhattisgarh,Tumidih,"OP Jindal Industrial Park, Tumidih - CECB","18-02-2026 16:00:00",22.06631475,83.33820077,NH3,NA,NA,NA
India,Chhattisgarh,Tumidih,"OP Jindal Industrial Park, Tumidih - CECB","18-02-2026 16:00:00",22.06631475,83.33820077,CO,14,21,16
India,Delhi,Delhi,"Alipur, Delhi - DPCC","18-02-2026 16:00:00",28.815329,77.153010,NH3,12,15,14
India,Delhi,Delhi,"Anand Vihar, Delhi - DPCC","18-02-2026 16:00:00",28.647622,77.3158090,PM10,42,465,273
India,Delhi,Delhi,"Anand Vihar, Delhi - DPCC","18-02-2026 16:00:00",28.647622,77.3158090,NO2,13,95,48
India,Chhattisgarh,Korba,"Rampur, Korba - CECB","18-02-2026 16:00:00",22.368195,82.746431,SO2,9,34,16
India,Chhattisgarh,Korba,"Urja Nagar, Korba - CECB","18-02-2026 16:00:00",22.348441,82.549611,NH3,1,1,1
India,Chhattisgarh,Kunjemura,"OP Jindal School, Kunjemura - CECB","18-02-2026 16:00:00",22.126650,83.483212,SO2,1,72,21
India,Chhattisgarh,Milupara,"Govt. Higher Secondary School, Milupara - CECB","18-02-2026 16:00:00",22.1910172,83.5197009,PM2.5,16,44,29
India,Chhattisgarh,Bhilai,"Civic Center, Bhilai - Bhilai Steel Plant","18-02-2026 16:00:00",21.185571,81.343175,NH3,3,3,3
India,Chhattisgarh,Bhilai,"Hathkhoj, Bhilai - CECB","18-02-2026 16:00:00",21.224231,81.408350,PM10,20,101,56
India,Chhattisgarh,Bhilai,"Hathkhoj, Bhilai - CECB","18-02-2026 16:00:00",21.224231,81.408350,SO2,16,103,48
India,Delhi,Delhi,"Narela, Delhi - DPCC","18-02-2026 16:00:00",28.822836,77.101981,NO2,18,77,42
India,Delhi,Delhi,"Nehru Nagar, Delhi - DPCC","18-02-2026 16:00:00",28.567890,77.250515,PM10,90,352,214
India,Delhi,Delhi,"Nehru Nagar, Delhi - DPCC","18-02-2026 16:00:00",28.567890,77.250515,NO2,74,143,101
India,Delhi,Delhi,"North Campus, DU, Delhi - IMD","18-02-2026 16:00:00",28.6573814,77.1585447,NO2,56,128,90
India,Delhi,Delhi,"Okhla Phase-2, Delhi - DPCC","18-02-2026 16:00:00",28.530785,77.271255,CO,49,131,85
India,Delhi,Delhi,"Patparganj, Delhi - DPCC","18-02-2026 16:00:00",28.623763,77.287209,PM10,86,366,220
India,Delhi,Delhi,"Patparganj, Delhi - DPCC","18-02-2026 16:00:00",28.623763,77.287209,SO2,19,48,26
India,Gujarat,Ahmedabad,"Rakhial, Ahmedabad - IITM","18-02-2026 16:00:00",23.016834,72.625775,CO,16,35,19
India,Gujarat,Ahmedabad,"SAC ISRO Bopal, Ahmedabad - IITM","18-02-2026 16:00:00",23.041137,72.456691,PM2.5,65,188,133
India,Gujarat,Ahmedabad,"SAC ISRO Bopal, Ahmedabad - IITM","18-02-2026 16:00:00",23.041137,72.456691,NH3,7,13,11
India,Gujarat,Ahmedabad,"SAC ISRO Satellite, Ahmedabad - IITM","18-02-2026 16:00:00",23.023389,72.515201,NO2,6,34,16
India,Gujarat,Ahmedabad,"SVPI Airport Hansol, Ahmedabad - IITM","18-02-2026 16:00:00",23.076793,72.627874,CO,14,84,26
India,Gujarat,Ankleshwar,"GIDC, Ankleshwar - GPCB","18-02-2026 16:00:00",21.613267,73.010555,PM10,77,152,108
India,Delhi,Delhi,"Wazirpur, Delhi - DPCC","18-02-2026 16:00:00",28.699793,77.165453,NO2,85,139,111
India,Gujarat,Ahmedabad,"Chandkheda, Ahmedabad - IITM","18-02-2026 16:00:00",23.107969,72.574648,PM10,112,189,140
India,Gujarat,Ahmedabad,"Chandkheda, Ahmedabad - IITM","18-02-2026 16:00:00",23.107969,72.574648,SO2,4,34,12
India,Gujarat,Ahmedabad,"Chandkheda, Ahmedabad - IITM","18-02-2026 16:00:00",23.107969,72.574648,OZONE,8,55,38
India,Gujarat,Ahmedabad,"Gyaspur, Ahmedabad - IITM","18-02-2026 16:00:00",22.977134,72.553024,PM10,121,446,246
India,Gujarat,Ahmedabad,"Maninagar, Ahmedabad - GPCB","18-02-2026 16:00:00",23.002657,72.591912,PM10,61,179,110
India,Delhi,Delhi,"Sirifort, Delhi - CPCB","18-02-2026 16:00:00",28.5504249,77.2159377,NO2,30,37,34
India,Delhi,Delhi,"Sirifort, Delhi - CPCB","18-02-2026 16:00:00",28.5504249,77.2159377,CO,14,102,65
India,Delhi,Delhi,"Sri Aurobindo Marg, Delhi - DPCC","18-02-2026 16:00:00",28.531346,77.190156,PM10,62,244,148
India,Delhi,Delhi,"Sri Aurobindo Marg, Delhi - DPCC","18-02-2026 16:00:00",28.531346,77.190156,NO2,25,83,49
India,Delhi,Delhi,"Sri Aurobindo Marg, Delhi - DPCC","18-02-2026 16:00:00",28.531346,77.190156,NH3,4,10,5
India,Delhi,Delhi,"Vivek Vihar, Delhi - DPCC","18-02-2026 16:00:00",28.672342,77.315260,PM2.5,61,384,249
India,Gujarat,Ankleshwar,"GIDC, Ankleshwar - GPCB","18-02-2026 16:00:00",21.613267,73.010555,SO2,19,23,20
India,Gujarat,Ankleshwar,"GIDC, Ankleshwar - GPCB","18-02-2026 16:00:00",21.613267,73.010555,CO,31,124,71
India,Gujarat,Ankleshwar,"GIDC, Ankleshwar - GPCB","18-02-2026 16:00:00",21.613267,73.010555,OZONE,8,68,27
India,Gujarat,Bhavnagar,"Vidhyanagar, Bhavnagar - Nexteng Enviro","18-02-2026 16:00:00",21.755417,72.139056,PM10,43,136,80
India,Gujarat,Gandhinagar,"IIPHG Lekawada, Gandhinagar - IITM","18-02-2026 16:00:00",23.243639,72.68994,PM10,84,180,135
India,Delhi,Delhi,"Punjabi Bagh, Delhi - DPCC","18-02-2026 16:00:00",28.674045,77.131023,PM10,42,292,184
India,Delhi,Delhi,"Punjabi Bagh, Delhi - DPCC","18-02-2026 16:00:00",28.674045,77.131023,NH3,4,6,6
India,Delhi,Delhi,"Punjabi Bagh, Delhi - DPCC","18-02-2026 16:00:00",28.674045,77.131023,SO2,NA,NA,NA
India,Delhi,Delhi,"Pusa, Delhi - DPCC","18-02-2026 16:00:00",28.639652,77.146275,CO,55,111,85
India,Delhi,Delhi,"Pusa, Delhi - DPCC","18-02-2026 16:00:00",28.639652,77.146275,OZONE,4,142,25
India,Delhi,Delhi,"R K Puram, Delhi - DPCC","18-02-2026 16:00:00",28.563262,77.186937,OZONE,8,87,21
India,Delhi,Delhi,"NSIT Dwarka, Delhi - CPCB","18-02-2026 16:00:00",28.60909,77.0325413,NH3,6,8,7
India,Delhi,Delhi,"NSIT Dwarka, Delhi - CPCB","18-02-2026 16:00:00",28.60909,77.0325413,CO,37,68,50
India,Delhi,Delhi,"Najafgarh, Delhi - DPCC","18-02-2026 16:00:00",28.570173,76.933762,PM2.5,33,310,120
India,Delhi,Delhi,"Najafgarh, Delhi - DPCC","18-02-2026 16:00:00",28.570173,76.933762,SO2,14,82,19
India,Delhi,Delhi,"Rohini, Delhi - DPCC","18-02-2026 16:00:00",28.732528,77.119920,SO2,8,18,12
India,Delhi,Delhi,"Rohini, Delhi - DPCC","18-02-2026 16:00:00",28.732528,77.119920,CO,4,118,18
India,Delhi,Delhi,"Rohini, Delhi - DPCC","18-02-2026 16:00:00",28.732528,77.119920,OZONE,2,81,16
India,Gujarat,Mehsana,"Sadanand Nagar, Mehsana - Nexteng Enviro","18-02-2026 16:00:00",23.593150,72.372792,NH3,1,3,3
India,Gujarat,Mehsana,"Sadanand Nagar, Mehsana - Nexteng Enviro","18-02-2026 16:00:00",23.593150,72.372792,SO2,4,18,12
India,Haryana,Fatehabad,"Huda Sector, Fatehabad - HSPCB","18-02-2026 16:00:00",29.503664,75.467934,CO,25,32,29
India,Haryana,Gurugram,"NISE Gwal Pahari, Gurugram - IMD","18-02-2026 16:00:00",28.422681,77.148944,PM2.5,40,315,202
India,Haryana,Gurugram,"NISE Gwal Pahari, Gurugram - IMD","18-02-2026 16:00:00",28.422681,77.148944,NO2,14,74,46
India,Haryana,Gurugram,"NISE Gwal Pahari, Gurugram - IMD","18-02-2026 16:00:00",28.422681,77.148944,OZONE,5,50,9
India,Haryana,Gurugram,"Sector-51, Gurugram - HSPCB","18-02-2026 16:00:00",28.4227,77.0667,NH3,6,14,12
India,Haryana,Gurugram,"Teri Gram, Gurugram - HSPCB","18-02-2026 16:00:00",28.4275,77.1465,PM10,NA,NA,NA
India,Haryana,Gurugram,"Teri Gram, Gurugram - HSPCB","18-02-2026 16:00:00",28.4275,77.1465,NH3,NA,NA,NA
India,Haryana,Gurugram,"Teri Gram, Gurugram - HSPCB","18-02-2026 16:00:00",28.4275,77.1465,CO,89,102,97
India,Haryana,Gurugram,"Vikas Sadan, Gurugram - HSPCB","18-02-2026 16:00:00",28.4501238,77.0263051,NO2,9,45,26
India,Haryana,Gurugram,"Vikas Sadan, Gurugram - HSPCB","18-02-2026 16:00:00",28.4501238,77.0263051,SO2,3,8,5
India,Haryana,Jind,"Police Lines, Jind - HSPCB","18-02-2026 16:00:00",29.307814,76.337619,NO2,36,52,45
India,Haryana,Narnaul,"Shastri Nagar, Narnaul - HSPCB","18-02-2026 16:00:00",28.060249,76.113115,PM10,37,111,77
India,Haryana,Narnaul,"Shastri Nagar, Narnaul - HSPCB","18-02-2026 16:00:00",28.060249,76.113115,CO,48,62,59
India,Haryana,Palwal,"Shyam Nagar, Palwal - HSPCB","18-02-2026 16:00:00",28.1485564,77.3320667,OZONE,16,18,17
India,Haryana,Panchgaon,"Amity University, Panchgaon - IITM","18-02-2026 16:00:00",28.3153,76.9143,PM10,54,138,97
India,Haryana,Panchgaon,"Amity University, Panchgaon - IITM","18-02-2026 16:00:00",28.3153,76.9143,NO2,1,39,17
India,Haryana,Panchgaon,"Amity University, Panchgaon - IITM","18-02-2026 16:00:00",28.3153,76.9143,SO2,3,14,8
India,Haryana,Panchkula,"Sector-6, Panchkula - HSPCB ","18-02-2026 16:00:00",30.7057778,76.8531805555555,PM2.5,33,235,95
India,Haryana,Panipat,"Sector-18, Panipat - HSPCB","18-02-2026 16:00:00",29.432304,76.972765,NO2,31,32,31
India,Haryana,Panipat,"Sector-18, Panipat - HSPCB","18-02-2026 16:00:00",29.432304,76.972765,CO,8,26,25
India,Haryana,"Charkhi Dadri","Mini Secretariat, Charkhi Dadri - HSPCB","18-02-2026 16:00:00",28.593883,76.270653,PM2.5,157,220,190
India,Haryana,"Charkhi Dadri","Mini Secretariat, Charkhi Dadri - HSPCB","18-02-2026 16:00:00",28.593883,76.270653,PM10,85,111,100
India,Haryana,"Charkhi Dadri","Mini Secretariat, Charkhi Dadri - HSPCB","18-02-2026 16:00:00",28.593883,76.270653,OZONE,14,18,16
India,Haryana,Dharuhera,"Municipal Corporation Office, Dharuhera -  HSPCB","18-02-2026 16:00:00",28.206800,76.799700,NH3,9,26,19
India,Haryana,Dharuhera,"Municipal Corporation Office, Dharuhera -  HSPCB","18-02-2026 16:00:00",28.206800,76.799700,CO,188,195,192
India,Haryana,Faridabad,"New Industrial Town, Faridabad - HSPCB","18-02-2026 16:00:00",28.39072,77.30059,OZONE,26,35,30
India,Haryana,Faridabad,"Sector 30, Faridabad - HSPCB","18-02-2026 16:00:00",28.4417,77.3217,NH3,10,12,11
India,Haryana,Faridabad,"Sector 30, Faridabad - HSPCB","18-02-2026 16:00:00",28.4417,77.3217,OZONE,18,19,18
India,Gujarat,Rajkot,"Mavdi, Rajkot - Nexteng Enviro ","18-02-2026 16:00:00",22.248853,70.776774,NO2,10,54,25
India,Gujarat,Rajkot,"Mavdi, Rajkot - Nexteng Enviro ","18-02-2026 16:00:00",22.248853,70.776774,CO,108,115,111
India,Gujarat,Surat,"Katargam, Surat - Nexteng Enviro","18-02-2026 16:00:00","21.217779 ","72.834787 ",PM10,48,169,92
India,Gujarat,Surat,"Katargam, Surat - Nexteng Enviro","18-02-2026 16:00:00","21.217779 ","72.834787 ",NH3,3,5,4
India,Gujarat,Surat,"Science Center, Surat - SMC","18-02-2026 16:00:00",21.170046,72.795405,SO2,23,25,24
India,Gujarat,Surat,"Science Center, Surat - SMC","18-02-2026 16:00:00",21.170046,72.795405,CO,68,76,73
India,Gujarat,Vadodara,"Bapunagar, Vadodara - Nexteng Enviro","18-02-2026 16:00:00",22.320153,73.216285,PM2.5,80,329,214
India,Gujarat,Vadodara,"Bapunagar, Vadodara - Nexteng Enviro","18-02-2026 16:00:00",22.320153,73.216285,NH3,1,4,1
India,Haryana,Rohtak,"MD University, Rohtak - HSPCB","18-02-2026 16:00:00",28.52123,76.37138,OZONE,39,40,39
India,Haryana,Sirsa,"F-Block, Sirsa - HSPCB","18-02-2026 16:00:00",29.536400,75.015800,NH3,13,15,14
India,Haryana,Sirsa,"F-Block, Sirsa - HSPCB","18-02-2026 16:00:00",29.536400,75.015800,OZONE,56,104,64
India,Haryana,Sonipat,"Murthal, Sonipat - HSPCB","18-02-2026 16:00:00",29.027200,77.062100,OZONE,25,26,26
India,Haryana,"Yamuna Nagar","Gobind Pura, Yamuna Nagar - HSPCB","18-02-2026 16:00:00",30.1480566,77.2893471,PM2.5,10,330,271
India,"Himachal Pradesh",Baddi,"HIMUDA Complex Phase-1, Baddi - HPPCB","18-02-2026 16:00:00",30.943887,76.801991,NO2,13,93,43
India,Jammu_and_Kashmir,Srinagar,"Khunmoh, Srinagar - JKPCC","18-02-2026 16:00:00",34.06313,74.96017,PM2.5,30,44,35
India,Jharkhand,Dhanbad,"Sardar Patel Nagar, Dhanbad - JSPCB","18-02-2026 16:00:00",23.80569,86.44268,PM2.5,9,254,92
India,Karnataka,Bagalkot,"Vidayagiri, Bagalkot - KSPCB","18-02-2026 16:00:00",16.172806,75.659694,PM2.5,34,36,35
India,Karnataka,Bengaluru,"BWSSB Kadabesanahalli, Bengaluru - CPCB","18-02-2026 16:00:00",12.9352049,77.6814488,PM10,90,412,166
India,Karnataka,Bengaluru,"Bapuji Nagar, Bengaluru - KSPCB","18-02-2026 16:00:00",12.951913,77.539784,PM2.5,30,78,54
India,Haryana,Karnal,"Sector-12, Karnal - HSPCB","18-02-2026 16:00:00",29.695300,77.002700,SO2,6,6,6
India,Haryana,Kurukshetra,"Sector-7, Kurukshetra - HSPCB","18-02-2026 16:00:00",29.966942,76.875879,PM10,78,242,138
India,Haryana,Kurukshetra,"Sector-7, Kurukshetra - HSPCB","18-02-2026 16:00:00",29.966942,76.875879,NH3,4,12,6
India,Haryana,Mandikhera,"General Hospital, Mandikhera(Nuh) - HSPCB","18-02-2026 16:00:00",27.9002,76.9938,CO,57,95,72
India,Haryana,Manesar,"Sector-2 IMT, Manesar - HSPCB","18-02-2026 16:00:00",28.360699,76.936090,PM10,64,145,116
India,Haryana,Manesar,"Sector-2 IMT, Manesar - HSPCB","18-02-2026 16:00:00",28.360699,76.936090,NO2,64,72,67
India,Haryana,Manesar,"Sector-2 IMT, Manesar - HSPCB","18-02-2026 16:00:00",28.360699,76.936090,NH3,10,12,11
India,Gujarat,Vatva,"Phase-4 GIDC, Vatva - GPCB","18-02-2026 16:00:00",22.969611,72.643500,CO,16,52,27
India,Haryana,Bahadurgarh,"Arya Nagar, Bahadurgarh - HSPCB","18-02-2026 16:00:00",28.6701,76.9254,PM2.5,70,337,241
India,Haryana,Bahadurgarh,"Arya Nagar, Bahadurgarh - HSPCB","18-02-2026 16:00:00",28.6701,76.9254,CO,43,50,46
India,Haryana,Ballabgarh,"Nathu Colony, Ballabgarh - HSPCB","18-02-2026 16:00:00",28.3419248,77.319699,SO2,1,7,4
India,Haryana,Ballabgarh,"Nathu Colony, Ballabgarh - HSPCB","18-02-2026 16:00:00",28.3419248,77.319699,OZONE,15,15,15
India,Karnataka,Bengaluru,"City Railway Station, Bengaluru - KSPCB","18-02-2026 16:00:00",12.9756843,77.5660749,SO2,21,22,22
India,Karnataka,Bengaluru,"Hebbal, Bengaluru - KSPCB","18-02-2026 16:00:00",13.029152,77.585901,NH3,1,2,1
India,Karnataka,Bengaluru,"Jigani, Bengaluru - KSPCB","18-02-2026 16:00:00",12.7816279,77.6299145,PM2.5,42,436,86
India,Karnataka,Bengaluru,"Jigani, Bengaluru - KSPCB","18-02-2026 16:00:00",12.7816279,77.6299145,OZONE,21,23,22
India,Karnataka,Bengaluru,"Kasturi Nagar, Bengaluru - KSPCB","18-02-2026 16:00:00",13.003872,77.664217,NH3,2,3,2
India,Karnataka,Bengaluru,"Peenya, Bengaluru - CPCB","18-02-2026 16:00:00",13.0270199,77.494094,NO2,22,32,25
India,Karnataka,Bengaluru,"RVCE-Mailasandra, Bengaluru - KSPCB","18-02-2026 16:00:00",12.921418,77.502466,NH3,3,4,4
India,Karnataka,Bengaluru,"Sanegurava Halli, Bengaluru - KSPCB","18-02-2026 16:00:00",12.990328,77.5431385,NO2,17,18,18
India,Karnataka,Bengaluru,"Shivapura_Peenya, Bengaluru - KSPCB","18-02-2026 16:00:00",13.0246342,77.5080115,PM10,85,118,101
India,Karnataka,Bengaluru,"Shivapura_Peenya, Bengaluru - KSPCB","18-02-2026 16:00:00",13.0246342,77.5080115,NO2,17,19,18
India,Karnataka,Bengaluru,"Shivapura_Peenya, Bengaluru - KSPCB","18-02-2026 16:00:00",13.0246342,77.5080115,CO,32,49,36
India,Karnataka,Bengaluru,"Silk Board, Bengaluru - KSPCB","18-02-2026 16:00:00",12.917348,77.622813,PM10,73,172,110
India,Karnataka,Chamarajanagar,"Urban, Chamarajanagar - KSPCB","18-02-2026 16:00:00",11.55358,76.55521,SO2,3,7,4
India,Karnataka,Chikkaballapur,"Chikkaballapur Rural, Chikkaballapur - KSPCB","18-02-2026 16:00:00",13.428828,77.731418,NO2,10,44,21
India,Karnataka,Chikkamagaluru,"Kalyana Nagara, Chikkamagaluru - KSPCB","18-02-2026 16:00:00",13.328028,75.797056,OZONE,24,57,39
India,Karnataka,Dharwad,"Kalabhavan, Dharwad - KSPCB","18-02-2026 16:00:00",15.459706,75.008381,PM10,95,114,104
India,Karnataka,Dharwad,"Kalabhavan, Dharwad - KSPCB","18-02-2026 16:00:00",15.459706,75.008381,NH3,6,7,7
India,Karnataka,Dharwad,"Kalabhavan, Dharwad - KSPCB","18-02-2026 16:00:00",15.459706,75.008381,CO,56,103,59
India,Karnataka,Kalaburagi,"Mahatma Basaveswar Colony, Kalaburgi - KSPCB","18-02-2026 16:00:00",17.336318,76.847397,OZONE,13,20,17
India,Karnataka,Mysuru,"Hebbal 1st Stage, Mysuru - KSPCB","18-02-2026 16:00:00",12.21041,76.37376,NO2,15,28,20
India,Karnataka,Mysuru,"Hebbal 1st Stage, Mysuru - KSPCB","18-02-2026 16:00:00",12.21041,76.37376,CO,6,38,17
India,Karnataka,Ramanagara,"Vijay Nagar, Ramanagara - KSPCB","18-02-2026 16:00:00",12.733409,77.298051,PM2.5,42,176,76
India,Karnataka,Ramanagara,"Vijay Nagar, Ramanagara - KSPCB","18-02-2026 16:00:00",12.733409,77.298051,SO2,14,28,21
India,Karnataka,Shivamogga,"Vinoba Nagara, Shivamogga - KSPCB","18-02-2026 16:00:00",13.940000,75.555917,PM10,46,69,65
India,Karnataka,Tumakuru,"Thimmalapura, Tumakuru - KSPCB","18-02-2026 16:00:00",13.377516,77.099072,NO2,31,32,32
